"","X","Pathway","Type","Plantform","Leafspan","Tregion","Wregion","Wregion2","opt","Date","Time","Datacontrib","Funtype","fitgroup","Location","RH","Tair","Tleaf","CO2S","PARin","Patm","BLCond","Trmmol","SWC","SWP","lat","lon","Totalheight","LAI","sampleheight","canopyposition","LWP","LWPpredawn","Instrument","Season","GrowthCa","GrowthTair","Growthcond","Treatment","OriginalFile","Comments","Reference","LightSource","Cond","Photo","VPD","Ci","species","citation_id"
"1",3176,"C3","angiosperm","tree","evergreen","tropical","humid",1.294,"opt","1/11/11","10:46:22","Jeff Kelly","rainforest","spp1_top_wet","Daintree rainforest canopy crane_QLD_AU",83.39390564,28.67191124,29.33344269,383.0715027,1133.756958,100.352684,-9999,1.421057626,-9999,-9999,-16.1,145.45,-9999,-9999,-9999,"top canopy",-9999,-9999,"Licor 6400","WET","ambient","-9999","field","none","DAINTREE STOMATAL SET","spot measurements",-9999,-9999,0.181801372,11.585315,1.109264008,270.5653746,"Acmena graveolens",1000000175
"2",3177,"C3","angiosperm","tree","evergreen","tropical","humid",1.294,"opt","1/11/11","10:49:27","Jeff Kelly","rainforest","spp1_top_wet","Daintree rainforest canopy crane_QLD_AU",85.37031555,28.78058624,30.08856583,377.4612427,1491.056763,100.354538,-9999,2.279732098,-9999,-9999,-16.1,145.45,-9999,-9999,-9999,"top canopy",-9999,-9999,"Licor 6400","WET","ambient","-9999","field","none","DAINTREE STOMATAL SET","spot measurements",-9999,-9999,0.272985265,15.77647772,0.892122894,271.8029448,"Acmena graveolens",1000000175
"3",3178,"C3","angiosperm","tree","evergreen","tropical","humid",1.294,"opt","1/11/11","10:52:04","Jeff Kelly","rainforest","spp1_top_wet","Daintree rainforest canopy crane_QLD_AU",84.212883,28.81127357,30.56900406,379.0075684,1388.163208,100.3554077,-9999,2.052248629,-9999,-9999,-16.1,145.45,-9999,-9999,-9999,"top canopy",-9999,-9999,"Licor 6400","WET","ambient","-9999","field","none","DAINTREE STOMATAL SET","spot measurements",-9999,-9999,0.20324589,14.91678362,1.351654263,248.1725545,"Acmena graveolens",1000000175
"4",3179,"C3","angiosperm","tree","evergreen","tropical","humid",1.294,"opt","1/11/11","10:54:37","Jeff Kelly","rainforest","spp1_top_wet","Daintree rainforest canopy crane_QLD_AU",68.20343018,28.82205009,30.32990265,377.677124,1438.567017,100.3570633,-9999,4.109006376,-9999,-9999,-16.1,145.45,-9999,-9999,-9999,"top canopy",-9999,-9999,"Licor 6400","WET","ambient","-9999","field","none","DAINTREE STOMATAL SET","spot measurements",-9999,-9999,0.270416427,14.78148005,1.626983536,273.6603108,"Acmena graveolens",1000000175
"5",3180,"C3","angiosperm","tree","evergreen","tropical","humid",1.294,"opt","1/11/11","10:57:10","Jeff Kelly","rainforest","spp1_top_wet","Daintree rainforest canopy crane_QLD_AU",65.95731354,28.9076767,30.4324379,381.6556702,1414.343506,100.3492126,-9999,3.545666693,-9999,-9999,-16.1,145.45,-9999,-9999,-9999,"top canopy",-9999,-9999,"Licor 6400","WET","ambient","-9999","field","none","DAINTREE STOMATAL SET","spot measurements",-9999,-9999,0.215346492,13.04260736,1.728911869,268.5771182,"Acmena graveolens",1000000175
"6",3181,"C3","angiosperm","tree","evergreen","tropical","humid",1.294,"opt","1/11/11","15:07:18","Jeff Kelly","rainforest","spp1_top_wet","Daintree rainforest canopy crane_QLD_AU",57.85603333,30.66697502,32.29139709,382.7932434,1483.710205,100.1453247,-9999,3.599876771,-9999,-9999,-16.1,145.45,-9999,-9999,-9999,"top canopy",-9999,-9999,"Licor 6400","WET","ambient","-9999","field","none","DAINTREE STOMATAL SET","spot measurements",-9999,-9999,0.160900209,11.12671344,2.293456265,254.169475,"Acmena graveolens",1000000175
"7",3182,"C3","angiosperm","tree","evergreen","tropical","humid",1.294,"opt","1/11/11","15:09:47","Jeff Kelly","rainforest","spp1_top_wet","Daintree rainforest canopy crane_QLD_AU",61.02407837,30.82704353,31.72761726,381.0731506,1459.871338,100.1501389,-9999,4.638356869,-9999,-9999,-16.1,145.45,-9999,-9999,-9999,"top canopy",-9999,-9999,"Licor 6400","WET","ambient","-9999","field","none","DAINTREE STOMATAL SET","spot measurements",-9999,-9999,0.248370267,12.07718394,1.975963785,286.0032666,"Acmena graveolens",1000000175
"8",3183,"C3","angiosperm","tree","evergreen","tropical","humid",1.294,"opt","1/11/11","15:16:01","Jeff Kelly","rainforest","spp1_top_wet","Daintree rainforest canopy crane_QLD_AU",60.24521637,30.6955204,32.13874817,383.8881836,1550.108765,100.1339722,-9999,3.26446874,-9999,-9999,-16.1,145.45,-9999,-9999,-9999,"top canopy",-9999,-9999,"Licor 6400","WET","ambient","-9999","field","none","DAINTREE STOMATAL SET","spot measurements",-9999,-9999,0.155889297,10.51646691,2.141651014,258.9813669,"Acmena graveolens",1000000175
"9",3184,"C3","angiosperm","tree","evergreen","tropical","humid",1.294,"opt","1/11/11","15:18:47","Jeff Kelly","rainforest","spp1_top_wet","Daintree rainforest canopy crane_QLD_AU",59.31511307,30.78092575,30.98896408,384.8840942,789.8831177,100.1325226,-9999,2.968390026,-9999,-9999,-16.1,145.45,-9999,-9999,-9999,"top canopy",-9999,-9999,"Licor 6400","WET","ambient","-9999","field","none","DAINTREE STOMATAL SET","spot measurements",-9999,-9999,0.16343466,9.873932013,1.865855201,272.8473619,"Acmena graveolens",1000000175
"10",3185,"C3","angiosperm","tree","evergreen","tropical","humid",1.294,"opt","1/11/11","15:27:31","Jeff Kelly","rainforest","spp1_top_wet","Daintree rainforest canopy crane_QLD_AU",60.75272751,30.76594734,31.80628777,384.5556335,1098.386719,100.1257401,-9999,2.8825968,-9999,-9999,-16.1,145.45,-9999,-9999,-9999,"top canopy",-9999,-9999,"Licor 6400","WET","ambient","-9999","field","none","DAINTREE STOMATAL SET","spot measurements",-9999,-9999,0.14551965,10.16230532,2.018556066,256.7156087,"Acmena graveolens",1000000175
"11",3186,"C3","angiosperm","tree","evergreen","tropical","humid",1.294,"opt","10/11/11","10:24:06","Jeff Kelly","rainforest","spp1_top_wet","Daintree rainforest canopy crane_QLD_AU",83.45147705,27.96506119,30.11054993,376.9440308,1233.963501,100.6238708,-9999,2.198714434,-9999,-9999,-16.1,145.45,-9999,-9999,-9999,"top canopy",-9999,-9999,"Licor 6400","WET","ambient","-9999","field","none","DAINTREE STOMATAL SET","spot measurements",-9999,-9999,0.204111434,14.26803207,1.327172784,251.6638543,"Acmena graveolens",1000000175
"12",3187,"C3","angiosperm","tree","evergreen","tropical","humid",1.294,"opt","10/11/11","10:29:09","Jeff Kelly","rainforest","spp1_top_wet","Daintree rainforest canopy crane_QLD_AU",75.96354675,28.01470375,30.56077576,396.4026489,381.7801208,100.6260071,-9999,0.299459679,-9999,-9999,-16.1,145.45,-9999,-9999,-9999,"top canopy",-9999,-9999,"Licor 6400","WET","ambient","-9999","field","none","DAINTREE STOMATAL SET","spot measurements",-9999,-9999,0.019321948,2.043038055,1.514455366,218.4561372,"Acmena graveolens",1000000175
"13",3188,"C3","angiosperm","tree","evergreen","tropical","humid",1.294,"opt","10/11/11","10:32:04","Jeff Kelly","rainforest","spp1_top_wet","Daintree rainforest canopy crane_QLD_AU",81.9640274,27.98432541,30.46804619,380.0623779,1196.085449,100.6272049,-9999,1.802118949,-9999,-9999,-16.1,145.45,-9999,-9999,-9999,"top canopy",-9999,-9999,"Licor 6400","WET","ambient","-9999","field","none","DAINTREE STOMATAL SET","spot measurements",-9999,-9999,0.145442315,12.41924537,1.268776735,230.4361463,"Acmena graveolens",1000000175
"14",3189,"C3","angiosperm","tree","evergreen","tropical","humid",1.294,"opt","10/11/11","10:34:55","Jeff Kelly","rainforest","spp1_top_wet","Daintree rainforest canopy crane_QLD_AU",81.67655182,28.06714439,29.89738655,382.5808716,1317.515747,100.6273804,-9999,1.775963915,-9999,-9999,-16.1,145.45,-9999,-9999,-9999,"top canopy",-9999,-9999,"Licor 6400","WET","ambient","-9999","field","none","DAINTREE STOMATAL SET","spot measurements",-9999,-9999,0.162995223,10.97723953,1.123755784,263.0073062,"Acmena graveolens",1000000175
"15",3190,"C3","angiosperm","tree","evergreen","tropical","humid",1.294,"opt","10/11/11","10:38:22","Jeff Kelly","rainforest","spp1_top_wet","Daintree rainforest canopy crane_QLD_AU",78.70372009,28.14643288,31.0173378,391.7502747,789.9078369,100.6300278,-9999,0.923003195,-9999,-9999,-16.1,145.45,-9999,-9999,-9999,"top canopy",-9999,-9999,"Licor 6400","WET","ambient","-9999","field","none","DAINTREE STOMATAL SET","spot measurements",-9999,-9999,0.060879904,5.069105947,1.503569225,247.8944521,"Acmena graveolens",1000000175
"16",3191,"C3","angiosperm","tree","evergreen","tropical","humid",1.294,"opt","10/11/11","14:22:28","Jeff Kelly","rainforest","spp1_top_wet","Daintree rainforest canopy crane_QLD_AU",62.11522675,30.22993469,32.3274765,379.3495178,1588.640991,100.4303589,-9999,3.484727174,-9999,-9999,-16.1,145.45,-9999,-9999,-9999,"top canopy",-9999,-9999,"Licor 6400","WET","ambient","-9999","field","none","DAINTREE STOMATAL SET","spot measurements",-9999,-9999,0.164225537,13.27326831,2.182767189,231.9694237,"Acmena graveolens",1000000175
"17",3192,"C3","angiosperm","tree","evergreen","tropical","humid",1.294,"opt","10/11/11","14:24:43","Jeff Kelly","rainforest","spp1_top_wet","Daintree rainforest canopy crane_QLD_AU",62.5662117,30.26025581,30.95164871,382.4543762,998.7435303,100.4223099,-9999,3.373905864,-9999,-9999,-16.1,145.45,-9999,-9999,-9999,"top canopy",-9999,-9999,"Licor 6400","WET","ambient","-9999","field","none","DAINTREE STOMATAL SET","spot measurements",-9999,-9999,0.196140789,11.10797847,1.793245767,276.2284638,"Acmena graveolens",1000000175
"18",3193,"C3","angiosperm","tree","evergreen","tropical","humid",1.294,"opt","10/11/11","14:28:10","Jeff Kelly","rainforest","spp1_top_wet","Daintree rainforest canopy crane_QLD_AU",59.87391663,30.02970505,29.84972382,385.9091492,348.4776917,100.4252167,-9999,2.116575373,-9999,-9999,-16.1,145.45,-9999,-9999,-9999,"top canopy",-9999,-9999,"Licor 6400","WET","ambient","-9999","field","none","DAINTREE STOMATAL SET","spot measurements",-9999,-9999,0.129317871,8.909947297,1.668558797,262.0424614,"Acmena graveolens",1000000175
"19",3194,"C3","angiosperm","tree","evergreen","tropical","humid",1.294,"opt","10/11/11","14:29:38","Jeff Kelly","rainforest","spp1_top_wet","Daintree rainforest canopy crane_QLD_AU",56.64954376,30.16996002,32.5665741,391.4533081,618.5150146,100.4253845,-9999,1.157879976,-9999,-9999,-16.1,145.45,-9999,-9999,-9999,"top canopy",-9999,-9999,"Licor 6400","WET","ambient","-9999","field","none","DAINTREE STOMATAL SET","spot measurements",-9999,-9999,0.045732519,5.201635431,2.493179301,214.6277768,"Acmena graveolens",1000000175
"20",3195,"C3","angiosperm","tree","evergreen","tropical","humid",1.294,"opt","10/11/11","14:33:39","Jeff Kelly","rainforest","spp1_top_wet","Daintree rainforest canopy crane_QLD_AU",64.84121704,30.3018856,32.22127533,377.3617859,1523.808472,100.4219894,-9999,3.846996687,-9999,-9999,-16.1,145.45,-9999,-9999,-9999,"top canopy",-9999,-9999,"Licor 6400","WET","ambient","-9999","field","none","DAINTREE STOMATAL SET","spot measurements",-9999,-9999,0.197769948,14.67569211,2.024421227,240.5142086,"Acmena graveolens",1000000175
"21",3196,"C3","angiosperm","tree","evergreen","tropical","humid",1.294,"opt","2/11/11","10:35:24","Jeff Kelly","rainforest","spp1_top_wet","Daintree rainforest canopy crane_QLD_AU",75.36220551,29.77467346,30.65130043,391.247467,408.702179,100.1881561,-9999,0.572185979,-9999,-9999,-16.1,145.45,-9999,-9999,-9999,"top canopy",-9999,-9999,"Licor 6400","WET","ambient","-9999","field","none","DAINTREE STOMATAL SET","spot measurements",-9999,-9999,0.04478876,5.224466375,1.253009378,205.7233232,"Acmena graveolens",1000000175
"22",3197,"C3","angiosperm","tree","evergreen","tropical","humid",1.294,"opt","2/11/11","10:40:32","Jeff Kelly","rainforest","spp1_top_wet","Daintree rainforest canopy crane_QLD_AU",77.47507477,29.81649208,31.29585266,384.1738892,1233.623535,100.181076,-9999,1.521957346,-9999,-9999,-16.1,145.45,-9999,-9999,-9999,"top canopy",-9999,-9999,"Licor 6400","WET","ambient","-9999","field","none","DAINTREE STOMATAL SET","spot measurements",-9999,-9999,0.115844967,10.18651214,1.321887228,231.3024491,"Acmena graveolens",1000000175
"23",3198,"C3","angiosperm","tree","evergreen","tropical","humid",1.294,"opt","2/11/11","10:44:04","Jeff Kelly","rainforest","spp1_top_wet","Daintree rainforest canopy crane_QLD_AU",80.38749695,29.84992981,30.56756401,377.9413757,997.9318237,100.1874847,-9999,2.493879875,-9999,-9999,-16.1,145.45,-9999,-9999,-9999,"top canopy",-9999,-9999,"Licor 6400","WET","ambient","-9999","field","none","DAINTREE STOMATAL SET","spot measurements",-9999,-9999,0.263325917,14.27609245,1.005873678,278.1369159,"Acmena graveolens",1000000175
"24",3199,"C3","angiosperm","tree","evergreen","tropical","humid",1.294,"opt","2/11/11","10:50:28","Jeff Kelly","rainforest","spp1_top_wet","Daintree rainforest canopy crane_QLD_AU",75.09115601,29.98488617,30.02439308,388.4184265,296.7488708,100.1935501,-9999,1.162460329,-9999,-9999,-16.1,145.45,-9999,-9999,-9999,"top canopy",-9999,-9999,"Licor 6400","WET","ambient","-9999","field","none","DAINTREE STOMATAL SET","spot measurements",-9999,-9999,0.109280322,8.180333995,1.069978382,258.5562752,"Acmena graveolens",1000000175
"25",3200,"C3","angiosperm","tree","evergreen","tropical","humid",1.294,"opt","2/11/11","10:53:20","Jeff Kelly","rainforest","spp1_top_wet","Daintree rainforest canopy crane_QLD_AU",76.91394043,30.02289009,30.09063721,387.5360107,390.1242065,100.1919632,-9999,1.625596084,-9999,-9999,-16.1,145.45,-9999,-9999,-9999,"top canopy",-9999,-9999,"Licor 6400","WET","ambient","-9999","field","none","DAINTREE STOMATAL SET","spot measurements",-9999,-9999,0.166696603,8.759764034,1.001489735,293.1552671,"Acmena graveolens",1000000175
"26",3201,"C3","angiosperm","tree","evergreen","tropical","humid",1.294,"opt","2/11/11","14:38:09","Jeff Kelly","rainforest","spp1_top_wet","Daintree rainforest canopy crane_QLD_AU",72.48713684,30.07670975,32.34075928,386.3399963,1942.520752,99.97957611,-9999,1.820338493,-9999,-9999,-16.1,145.45,-9999,-9999,-9999,"top canopy",-9999,-9999,"Licor 6400","WET","ambient","-9999","field","none","DAINTREE STOMATAL SET","spot measurements",-9999,-9999,0.102930287,10.74515477,1.766046203,204.8992251,"Acmena graveolens",1000000175
"27",3202,"C3","angiosperm","tree","evergreen","tropical","humid",1.294,"opt","2/11/11","14:45:05","Jeff Kelly","rainforest","spp1_top_wet","Daintree rainforest canopy crane_QLD_AU",73.45021057,30.09903145,30.34379196,386.7864075,451.5002747,99.96587372,-9999,1.791884216,-9999,-9999,-16.1,145.45,-9999,-9999,-9999,"top canopy",-9999,-9999,"Licor 6400","WET","ambient","-9999","field","none","DAINTREE STOMATAL SET","spot measurements",-9999,-9999,0.152484734,10.28287876,1.198154593,266.9187101,"Acmena graveolens",1000000175
"28",3203,"C3","angiosperm","tree","evergreen","tropical","humid",1.294,"opt","2/11/11","14:50:29","Jeff Kelly","rainforest","spp1_top_wet","Daintree rainforest canopy crane_QLD_AU",75.0778656,30.49156761,33.06356049,384.6583557,1869.855713,99.96153259,-9999,2.48722666,-9999,-9999,-16.1,145.45,-9999,-9999,-9999,"top canopy",-9999,-9999,"Licor 6400","WET","ambient","-9999","field","none","DAINTREE STOMATAL SET","spot measurements",-9999,-9999,0.141224834,11.63907211,1.78008921,237.3768083,"Acmena graveolens",1000000175
"29",3204,"C3","angiosperm","tree","evergreen","tropical","humid",1.294,"opt","2/11/11","14:52:10","Jeff Kelly","rainforest","spp1_top_wet","Daintree rainforest canopy crane_QLD_AU",78.527771,30.47710037,33.06007004,380.5916138,1921.439819,99.95841217,-9999,3.583677901,-9999,-9999,-16.1,145.45,-9999,-9999,-9999,"top canopy",-9999,-9999,"Licor 6400","WET","ambient","-9999","field","none","DAINTREE STOMATAL SET","spot measurements",-9999,-9999,0.229172654,14.31272039,1.630760928,264.3068564,"Acmena graveolens",1000000175
"30",3205,"C3","angiosperm","tree","evergreen","tropical","humid",1.294,"opt","2/11/11","14:54:55","Jeff Kelly","rainforest","spp1_top_wet","Daintree rainforest canopy crane_QLD_AU",79.34588623,30.49614334,32.38439941,379.1131897,1589.115356,99.95111847,-9999,3.756387355,-9999,-9999,-16.1,145.45,-9999,-9999,-9999,"top canopy",-9999,-9999,"Licor 6400","WET","ambient","-9999","field","none","DAINTREE STOMATAL SET","spot measurements",-9999,-9999,0.285254197,15.35794148,1.401931082,277.1637867,"Acmena graveolens",1000000175
"31",3206,"C3","angiosperm","tree","evergreen","tropical","humid",1.294,"opt","30/10/11","9:39:41","Jeff Kelly","rainforest","spp1_top_wet","Daintree rainforest canopy crane_QLD_AU",79.28900146,26.9662838,27.37863922,370.8023987,389.6409912,100.1746597,-9999,1.38910392,-9999,-9999,-16.1,145.45,-9999,-9999,-9999,"top canopy",-9999,-9999,"Licor 6400","WET","ambient","-9999","field","none","DAINTREE STOMATAL SET","spot measurements",-9999,-9999,0.173826647,7.24222947,0.827266175,266.7242049,"Acmena graveolens",1000000175
"32",3207,"C3","angiosperm","tree","evergreen","tropical","humid",1.294,"opt","30/10/11","9:44:44","Jeff Kelly","rainforest","spp1_top_wet","Daintree rainforest canopy crane_QLD_AU",79.20835114,26.83751297,27.13721275,381.269043,498.9510193,100.1763306,-9999,2.037033498,-9999,-9999,-16.1,145.45,-9999,-9999,-9999,"top canopy",-9999,-9999,"Licor 6400","WET","ambient","-9999","field","none","DAINTREE STOMATAL SET","spot measurements",-9999,-9999,0.273290805,14.32552153,0.800054289,285.3817322,"Acmena graveolens",1000000175
"33",3208,"C3","angiosperm","tree","evergreen","tropical","humid",1.294,"opt","30/10/11","9:50:01","Jeff Kelly","rainforest","spp1_top_wet","Daintree rainforest canopy crane_QLD_AU",79.11863708,27.28790283,27.49918175,375.3742981,310.0237427,100.1754761,-9999,1.01286443,-9999,-9999,-16.1,145.45,-9999,-9999,-9999,"top canopy",-9999,-9999,"Licor 6400","WET","ambient","-9999","field","none","DAINTREE STOMATAL SET","spot measurements",-9999,-9999,0.127946947,8.606571979,0.805426136,258.9451261,"Acmena graveolens",1000000175
"34",3209,"C3","angiosperm","tree","evergreen","tropical","humid",1.294,"opt","30/10/11","9:54:06","Jeff Kelly","rainforest","spp1_top_wet","Daintree rainforest canopy crane_QLD_AU",76.14041138,27.39336014,27.9757843,359.1782837,374.79953,100.1792603,-9999,1.001791148,-9999,-9999,-16.1,145.45,-9999,-9999,-9999,"top canopy",-9999,-9999,"Licor 6400","WET","ambient","-9999","field","none","DAINTREE STOMATAL SET","spot measurements",-9999,-9999,0.100821739,6.936838412,1.000700428,240.4479571,"Acmena graveolens",1000000175
"35",3210,"C3","angiosperm","tree","evergreen","tropical","humid",1.294,"opt","30/10/11","9:56:49","Jeff Kelly","rainforest","spp1_top_wet","Daintree rainforest canopy crane_QLD_AU",76.22318268,27.71297836,27.97541046,364.7724609,422.7196655,100.1783524,-9999,1.502752844,-9999,-9999,-16.1,145.45,-9999,-9999,-9999,"top canopy",-9999,-9999,"Licor 6400","WET","ambient","-9999","field","none","DAINTREE STOMATAL SET","spot measurements",-9999,-9999,0.16392581,8.418322142,0.944902881,273.1577696,"Acmena graveolens",1000000175
"36",3211,"C3","angiosperm","tree","evergreen","tropical","humid",1.294,"opt","30/10/11","13:53:32","Jeff Kelly","rainforest","spp1_top_wet","Daintree rainforest canopy crane_QLD_AU",71.9458313,28.08631897,30.2117939,371.2072754,1929.43457,100.0558624,-9999,3.600838815,-9999,-9999,-16.1,145.45,-9999,-9999,-9999,"top canopy",-9999,-9999,"Licor 6400","WET","ambient","-9999","field","none","DAINTREE STOMATAL SET","spot measurements",-9999,-9999,0.242626938,13.67580424,1.568556873,265.5180403,"Acmena graveolens",1000000175
"37",3212,"C3","angiosperm","tree","evergreen","tropical","humid",1.294,"opt","30/10/11","13:55:08","Jeff Kelly","rainforest","spp1_top_wet","Daintree rainforest canopy crane_QLD_AU",66.43977356,28.58058548,30.45073509,375.8326721,1898.017456,100.0536499,-9999,2.866809488,-9999,-9999,-16.1,145.45,-9999,-9999,-9999,"top canopy",-9999,-9999,"Licor 6400","WET","ambient","-9999","field","none","DAINTREE STOMATAL SET","spot measurements",-9999,-9999,0.167186945,11.75233109,1.764115394,248.0249159,"Acmena graveolens",1000000175
"38",3213,"C3","angiosperm","tree","evergreen","tropical","humid",1.294,"opt","30/10/11","13:56:49","Jeff Kelly","rainforest","spp1_top_wet","Daintree rainforest canopy crane_QLD_AU",69.90183258,28.83007813,31.39994431,369.2508545,1788.918945,100.0495987,-9999,3.739340209,-9999,-9999,-16.1,145.45,-9999,-9999,-9999,"top canopy",-9999,-9999,"Licor 6400","WET","ambient","-9999","field","none","DAINTREE STOMATAL SET","spot measurements",-9999,-9999,0.213116547,14.02199161,1.831513995,247.1925977,"Acmena graveolens",1000000175
"39",3214,"C3","angiosperm","tree","evergreen","tropical","humid",1.294,"opt","30/10/11","13:58:41","Jeff Kelly","rainforest","spp1_top_wet","Daintree rainforest canopy crane_QLD_AU",73.26872253,28.85716629,30.25371552,363.9049988,1324.628784,100.0476608,-9999,4.40589106,-9999,-9999,-16.1,145.45,-9999,-9999,-9999,"top canopy",-9999,-9999,"Licor 6400","WET","ambient","-9999","field","none","DAINTREE STOMATAL SET","spot measurements",-9999,-9999,0.344196825,16.36632867,1.400499831,271.7934042,"Acmena graveolens",1000000175
"40",3215,"C3","angiosperm","tree","evergreen","tropical","humid",1.294,"opt","30/10/11","14:00:49","Jeff Kelly","rainforest","spp1_top_wet","Daintree rainforest canopy crane_QLD_AU",70.95481873,28.8571682,30.12375832,364.9578552,1099.977173,100.0469666,-9999,3.874094599,-9999,-9999,-16.1,145.45,-9999,-9999,-9999,"top canopy",-9999,-9999,"Licor 6400","WET","ambient","-9999","field","none","DAINTREE STOMATAL SET","spot measurements",-9999,-9999,0.284376741,16.09091568,1.460688857,258.3598998,"Acmena graveolens",1000000175
"41",3216,"C3","angiosperm","tree","evergreen","tropical","humid",1.294,"opt","4/11/11","9:53:03","Jeff Kelly","rainforest","spp1_top_wet","Daintree rainforest canopy crane_QLD_AU",84.36431885,26.26549339,26.10320854,392.4223633,298.5342407,100.2256012,-9999,0.588074544,-9999,-9999,-16.1,145.45,-9999,-9999,-9999,"top canopy",-9999,-9999,"Licor 6400","WET","ambient","-9999","field","none","DAINTREE STOMATAL SET","spot measurements",-9999,-9999,0.118722088,3.685348403,0.503220918,337.7715278,"Acmena graveolens",1000000175
"42",3217,"C3","angiosperm","tree","evergreen","tropical","humid",1.294,"opt","4/11/11","9:55:16","Jeff Kelly","rainforest","spp1_top_wet","Daintree rainforest canopy crane_QLD_AU",85.26067352,26.38230133,26.63577271,390.9554443,490.1156311,100.2284012,-9999,0.630490967,-9999,-9999,-16.1,145.45,-9999,-9999,-9999,"top canopy",-9999,-9999,"Licor 6400","WET","ambient","-9999","field","none","DAINTREE STOMATAL SET","spot measurements",-9999,-9999,0.113950525,4.595831692,0.560661754,320.6909091,"Acmena graveolens",1000000175
"43",3218,"C3","angiosperm","tree","evergreen","tropical","humid",1.294,"opt","4/11/11","9:57:49","Jeff Kelly","rainforest","spp1_top_wet","Daintree rainforest canopy crane_QLD_AU",86.81503296,26.57199669,27.36116409,389.6567078,740.5150757,100.2244415,-9999,0.863110622,-9999,-9999,-16.1,145.45,-9999,-9999,-9999,"top canopy",-9999,-9999,"Licor 6400","WET","ambient","-9999","field","none","DAINTREE STOMATAL SET","spot measurements",-9999,-9999,0.140991657,5.280839909,0.62579615,323.2420093,"Acmena graveolens",1000000175
"44",3219,"C3","angiosperm","tree","evergreen","tropical","humid",1.294,"opt","4/11/11","9:59:48","Jeff Kelly","rainforest","spp1_top_wet","Daintree rainforest canopy crane_QLD_AU",86.35006714,26.57939529,27.12290573,391.9309998,420.6268921,100.2240219,-9999,0.647725783,-9999,-9999,-16.1,145.45,-9999,-9999,-9999,"top canopy",-9999,-9999,"Licor 6400","WET","ambient","-9999","field","none","DAINTREE STOMATAL SET","spot measurements",-9999,-9999,0.111017141,4.259376957,0.590000489,324.7912872,"Acmena graveolens",1000000175
"45",3220,"C3","angiosperm","tree","evergreen","tropical","humid",1.294,"opt","4/11/11","10:01:55","Jeff Kelly","rainforest","spp1_top_wet","Daintree rainforest canopy crane_QLD_AU",87.52326965,26.55452156,27.20367432,391.2636414,501.3332214,100.2221832,-9999,0.723974512,-9999,-9999,-16.1,145.45,-9999,-9999,-9999,"top canopy",-9999,-9999,"Licor 6400","WET","ambient","-9999","field","none","DAINTREE STOMATAL SET","spot measurements",-9999,-9999,0.12913053,4.543682648,0.570632875,329.1584344,"Acmena graveolens",1000000175
"46",3221,"C3","angiosperm","tree","evergreen","tropical","humid",1.294,"opt","4/11/11","13:57:32","Jeff Kelly","rainforest","spp1_top_wet","Daintree rainforest canopy crane_QLD_AU",64.20349121,29.16077232,30.48217583,385.3989868,1524.919189,100.1259079,-9999,2.369250758,-9999,-9999,-16.1,145.45,-9999,-9999,-9999,"top canopy",-9999,-9999,"Licor 6400","WET","ambient","-9999","field","none","DAINTREE STOMATAL SET","spot measurements",-9999,-9999,0.135948931,10.20919751,1.773642068,250.5040658,"Acmena graveolens",1000000175
"47",3222,"C3","angiosperm","tree","evergreen","tropical","humid",1.294,"opt","4/11/11","13:59:04","Jeff Kelly","rainforest","spp1_top_wet","Daintree rainforest canopy crane_QLD_AU",62.79088211,29.11626053,29.73184013,388.9734192,994.0606689,100.1215668,-9999,1.849131725,-9999,-9999,-16.1,145.45,-9999,-9999,-9999,"top canopy",-9999,-9999,"Licor 6400","WET","ambient","-9999","field","none","DAINTREE STOMATAL SET","spot measurements",-9999,-9999,0.1130241,8.186713541,1.652919889,259.8780638,"Acmena graveolens",1000000175
"48",3223,"C3","angiosperm","tree","evergreen","tropical","humid",1.294,"opt","4/11/11","14:00:56","Jeff Kelly","rainforest","spp1_top_wet","Daintree rainforest canopy crane_QLD_AU",66.29405975,29.17148018,29.2643528,384.8474731,1110.686401,100.1232681,-9999,3.08171946,-9999,-9999,-16.1,145.45,-9999,-9999,-9999,"top canopy",-9999,-9999,"Licor 6400","WET","ambient","-9999","field","none","DAINTREE STOMATAL SET","spot measurements",-9999,-9999,0.233939151,11.30552299,1.390938256,293.753051,"Acmena graveolens",1000000175
"49",3224,"C3","angiosperm","tree","evergreen","tropical","humid",1.294,"opt","4/11/11","14:03:03","Jeff Kelly","rainforest","spp1_top_wet","Daintree rainforest canopy crane_QLD_AU",66.25924683,29.34654999,31.08510208,385.0977478,1548.458984,100.1264114,-9999,3.291971849,-9999,-9999,-16.1,145.45,-9999,-9999,-9999,"top canopy",-9999,-9999,"Licor 6400","WET","ambient","-9999","field","none","DAINTREE STOMATAL SET","spot measurements",-9999,-9999,0.187938242,11.31341906,1.814611073,272.9164938,"Acmena graveolens",1000000175
"50",3225,"C3","angiosperm","tree","evergreen","tropical","humid",1.294,"opt","4/11/11","14:04:56","Jeff Kelly","rainforest","spp1_top_wet","Daintree rainforest canopy crane_QLD_AU",67.17841339,29.49767876,30.56987381,384.3409424,1674.529053,100.1287918,-9999,3.765769764,-9999,-9999,-16.1,145.45,-9999,-9999,-9999,"top canopy",-9999,-9999,"Licor 6400","WET","ambient","-9999","field","none","DAINTREE STOMATAL SET","spot measurements",-9999,-9999,0.245778453,11.73064687,1.621359094,292.7055786,"Acmena graveolens",1000000175
"51",3226,"C3","angiosperm","tree","evergreen","tropical","humid",1.294,"opt","31/10/11","10:49:43","Jeff Kelly","rainforest","spp1_top_wet","Daintree rainforest canopy crane_QLD_AU",67.21257782,28.74617195,27.64965439,385.6495667,297.4234314,100.2352371,-9999,3.223685297,-9999,-9999,-16.1,145.45,-9999,-9999,-9999,"top canopy",-9999,-9999,"Licor 6400","WET","ambient","-9999","field","none","DAINTREE STOMATAL SET","spot measurements",-9999,-9999,0.335687547,9.322924405,1.054334279,330.0991743,"Acmena graveolens",1000000175
"52",3227,"C3","angiosperm","tree","evergreen","tropical","humid",1.294,"opt","31/10/11","10:51:58","Jeff Kelly","rainforest","spp1_top_wet","Daintree rainforest canopy crane_QLD_AU",66.31980896,28.86538887,29.34237289,381.4494019,1103.299316,100.2332306,-9999,3.490213544,-9999,-9999,-16.1,145.45,-9999,-9999,-9999,"top canopy",-9999,-9999,"Licor 6400","WET","ambient","-9999","field","none","DAINTREE STOMATAL SET","spot measurements",-9999,-9999,0.255455452,13.89276642,1.455615581,279.1497221,"Acmena graveolens",1000000175
"53",3228,"C3","angiosperm","tree","evergreen","tropical","humid",1.294,"opt","31/10/11","10:56:03","Jeff Kelly","rainforest","spp1_top_wet","Daintree rainforest canopy crane_QLD_AU",66.62826538,28.91978455,28.86683273,382.2416077,900.3588257,100.2299652,-9999,3.655251394,-9999,-9999,-16.1,145.45,-9999,-9999,-9999,"top canopy",-9999,-9999,"Licor 6400","WET","ambient","-9999","field","none","DAINTREE STOMATAL SET","spot measurements",-9999,-9999,0.29887884,13.42293283,1.323660987,295.8904067,"Acmena graveolens",1000000175
"54",3229,"C3","angiosperm","tree","evergreen","tropical","humid",1.294,"opt","31/10/11","11:00:04","Jeff Kelly","rainforest","spp1_top_wet","Daintree rainforest canopy crane_QLD_AU",66.16835785,29.00822258,28.34935379,383.5478516,679.5198364,100.2326279,-9999,3.725631835,-9999,-9999,-16.1,145.45,-9999,-9999,-9999,"top canopy",-9999,-9999,"Licor 6400","WET","ambient","-9999","field","none","DAINTREE STOMATAL SET","spot measurements",-9999,-9999,0.337915423,12.33256899,1.210408545,311.7174145,"Acmena graveolens",1000000175
"55",3230,"C3","angiosperm","tree","evergreen","tropical","humid",1.294,"opt","31/10/11","11:04:23","Jeff Kelly","rainforest","spp1_top_wet","Daintree rainforest canopy crane_QLD_AU",65.45530701,28.92884445,27.95295525,384.5099182,448.8924866,100.2297363,-9999,3.689955444,-9999,-9999,-16.1,145.45,-9999,-9999,-9999,"top canopy",-9999,-9999,"Licor 6400","WET","ambient","-9999","field","none","DAINTREE STOMATAL SET","spot measurements",-9999,-9999,0.350067702,11.42999262,1.162800421,319.5093425,"Acmena graveolens",1000000175
"56",3231,"C3","angiosperm","tree","evergreen","tropical","humid",1.294,"opt","31/10/11","14:52:22","Jeff Kelly","rainforest","spp1_top_wet","Daintree rainforest canopy crane_QLD_AU",61.34022522,29.16721725,28.40272903,386.3348083,394.0371704,100.0391083,-9999,3.592250132,-9999,-9999,-16.1,145.45,-9999,-9999,-9999,"top canopy",-9999,-9999,"Licor 6400","WET","ambient","-9999","field","none","DAINTREE STOMATAL SET","spot measurements",-9999,-9999,0.27660521,10.2337531,1.393915618,313.7062407,"Acmena graveolens",1000000175
"57",3232,"C3","angiosperm","tree","evergreen","tropical","humid",1.294,"opt","31/10/11","14:55:05","Jeff Kelly","rainforest","spp1_top_wet","Daintree rainforest canopy crane_QLD_AU",64.45909882,29.63223648,30.46199989,379.4626465,1677.19519,100.0286407,-9999,5.061065181,-9999,-9999,-16.1,145.45,-9999,-9999,-9999,"top canopy",-9999,-9999,"Licor 6400","WET","ambient","-9999","field","none","DAINTREE STOMATAL SET","spot measurements",-9999,-9999,0.32667628,15.624701,1.686057834,285.4186057,"Acmena graveolens",1000000175
"58",3233,"C3","angiosperm","tree","evergreen","tropical","humid",1.294,"opt","31/10/11","15:00:21","Jeff Kelly","rainforest","spp1_top_wet","Daintree rainforest canopy crane_QLD_AU",62.31433868,29.96486855,31.40701866,382.7184448,1542.778809,100.0204926,-9999,4.392611921,-9999,-9999,-16.1,145.45,-9999,-9999,-9999,"top canopy",-9999,-9999,"Licor 6400","WET","ambient","-9999","field","none","DAINTREE STOMATAL SET","spot measurements",-9999,-9999,0.234959731,13.19585973,1.967620417,275.1720258,"Acmena graveolens",1000000175
"59",3234,"C3","angiosperm","tree","evergreen","tropical","humid",1.294,"opt","31/10/11","15:02:48","Jeff Kelly","rainforest","spp1_top_wet","Daintree rainforest canopy crane_QLD_AU",59.41752625,30.02622604,32.34301758,386.2775574,1582.941162,100.014389,-9999,3.198612435,-9999,-9999,-16.1,145.45,-9999,-9999,-9999,"top canopy",-9999,-9999,"Licor 6400","WET","ambient","-9999","field","none","DAINTREE STOMATAL SET","spot measurements",-9999,-9999,0.13922123,10.99691422,2.333308811,241.9165193,"Acmena graveolens",1000000175
"60",3235,"C3","angiosperm","tree","evergreen","tropical","humid",1.294,"opt","31/10/11","15:06:51","Jeff Kelly","rainforest","spp1_top_wet","Daintree rainforest canopy crane_QLD_AU",63.8020134,30.34560776,30.89316559,381.8955994,1479.501831,100.0117722,-9999,5.613957952,-9999,-9999,-16.1,145.45,-9999,-9999,-9999,"top canopy",-9999,-9999,"Licor 6400","WET","ambient","-9999","field","none","DAINTREE STOMATAL SET","spot measurements",-9999,-9999,0.360826484,15.13144951,1.711287353,297.2138564,"Acmena graveolens",1000000175
"61",3236,"C3","angiosperm","tree","evergreen","tropical","humid",1.294,"opt","1/11/11","9:39:33","Jeff Kelly","rainforest","spp2_top_wet","Daintree rainforest canopy crane_QLD_AU",78.87625122,26.32725143,27.8807354,384.8510437,1097.522827,100.2955551,-9999,0.765996442,-9999,-9999,-16.1,145.45,-9999,-9999,-9999,"top canopy",-9999,-9999,"Licor 6400","WET","ambient","-9999","field","none","DAINTREE STOMATAL SET","spot measurements",-9999,-9999,0.072460601,7.976246165,1.055070219,199.3917532,"Argyrodendron peralatum",1000000175
"62",3237,"C3","angiosperm","tree","evergreen","tropical","humid",1.294,"opt","1/11/11","9:45:51","Jeff Kelly","rainforest","spp2_top_wet","Daintree rainforest canopy crane_QLD_AU",79.98355865,27.13683319,29.32877731,384.3043823,1192.571167,100.2836609,-9999,0.983914691,-9999,-9999,-16.1,145.45,-9999,-9999,-9999,"top canopy",-9999,-9999,"Licor 6400","WET","ambient","-9999","field","none","DAINTREE STOMATAL SET","spot measurements",-9999,-9999,0.080992742,7.918345603,1.213097443,217.6258093,"Argyrodendron peralatum",1000000175
"63",3238,"C3","angiosperm","tree","evergreen","tropical","humid",1.294,"opt","1/11/11","9:48:20","Jeff Kelly","rainforest","spp2_top_wet","Daintree rainforest canopy crane_QLD_AU",82.33042145,27.24143219,29.22949219,382.4984436,1373.853516,100.291153,-9999,1.29660856,-9999,-9999,-16.1,145.45,-9999,-9999,-9999,"top canopy",-9999,-9999,"Licor 6400","WET","ambient","-9999","field","none","DAINTREE STOMATAL SET","spot measurements",-9999,-9999,0.120909263,8.758675748,1.086709738,256.1983807,"Argyrodendron peralatum",1000000175
"64",3239,"C3","angiosperm","tree","evergreen","tropical","humid",1.294,"opt","1/11/11","9:51:26","Jeff Kelly","rainforest","spp2_top_wet","Daintree rainforest canopy crane_QLD_AU",83.4769516,27.17879486,29.79756165,378.3973083,1231.141846,100.2905502,-9999,1.226525687,-9999,-9999,-16.1,145.45,-9999,-9999,-9999,"top canopy",-9999,-9999,"Licor 6400","WET","ambient","-9999","field","none","DAINTREE STOMATAL SET","spot measurements",-9999,-9999,0.103515629,10.27235654,1.191867713,208.3609229,"Argyrodendron peralatum",1000000175
"65",3240,"C3","angiosperm","tree","evergreen","tropical","humid",1.294,"opt","1/11/11","9:57:25","Jeff Kelly","rainforest","spp2_top_wet","Daintree rainforest canopy crane_QLD_AU",83.79367065,27.97615814,29.26912498,377.3112183,1213.108765,100.2988892,-9999,1.573055299,-9999,-9999,-16.1,145.45,-9999,-9999,-9999,"top canopy",-9999,-9999,"Licor 6400","WET","ambient","-9999","field","none","DAINTREE STOMATAL SET","spot measurements",-9999,-9999,0.178917416,11.09207162,0.909412475,267.3669384,"Argyrodendron peralatum",1000000175
"66",3241,"C3","angiosperm","tree","evergreen","tropical","humid",1.294,"opt","1/11/11","13:36:04","Jeff Kelly","rainforest","spp2_top_wet","Daintree rainforest canopy crane_QLD_AU",52.86959839,30.22945404,30.04054451,386.0348816,854.5906982,100.211525,-9999,3.649638848,-9999,-9999,-16.1,145.45,-9999,-9999,-9999,"top canopy",-9999,-9999,"Licor 6400","WET","ambient","-9999","field","none","DAINTREE STOMATAL SET","spot measurements",-9999,-9999,0.191269781,9.796971999,1.988041006,287.884195,"Argyrodendron peralatum",1000000175
"67",3242,"C3","angiosperm","tree","evergreen","tropical","humid",1.294,"opt","1/11/11","13:40:02","Jeff Kelly","rainforest","spp2_top_wet","Daintree rainforest canopy crane_QLD_AU",56.10521317,30.2256813,29.57292747,383.458313,655.0848389,100.2027512,-9999,3.494794519,-9999,-9999,-16.1,145.45,-9999,-9999,-9999,"top canopy",-9999,-9999,"Licor 6400","WET","ambient","-9999","field","none","DAINTREE STOMATAL SET","spot measurements",-9999,-9999,0.211281015,10.80976315,1.735552553,286.3133574,"Argyrodendron peralatum",1000000175
"68",3243,"C3","angiosperm","tree","evergreen","tropical","humid",1.294,"opt","1/11/11","13:43:04","Jeff Kelly","rainforest","spp2_top_wet","Daintree rainforest canopy crane_QLD_AU",57.09815216,30.3052597,29.88466454,380.5039063,687.5310669,100.1963882,-9999,3.503947616,-9999,-9999,-16.1,145.45,-9999,-9999,-9999,"top canopy",-9999,-9999,"Licor 6400","WET","ambient","-9999","field","none","DAINTREE STOMATAL SET","spot measurements",-9999,-9999,0.208956645,11.38228758,1.756687663,277.7985433,"Argyrodendron peralatum",1000000175
"69",3244,"C3","angiosperm","tree","evergreen","tropical","humid",1.294,"opt","1/11/11","13:45:43","Jeff Kelly","rainforest","spp2_top_wet","Daintree rainforest canopy crane_QLD_AU",58.20594025,30.24347687,30.23054886,383.2142639,932.2779541,100.1987457,-9999,2.76847577,-9999,-9999,-16.1,145.45,-9999,-9999,-9999,"top canopy",-9999,-9999,"Licor 6400","WET","ambient","-9999","field","none","DAINTREE STOMATAL SET","spot measurements",-9999,-9999,0.157831365,9.806316698,1.802467872,268.9127029,"Argyrodendron peralatum",1000000175
"70",3245,"C3","angiosperm","tree","evergreen","tropical","humid",1.294,"opt","1/11/11","13:50:11","Jeff Kelly","rainforest","spp2_top_wet","Daintree rainforest canopy crane_QLD_AU",57.81639099,30.58076859,30.9943943,383.8924866,848.289978,100.1854935,-9999,2.948331948,-9999,-9999,-16.1,145.45,-9999,-9999,-9999,"top canopy",-9999,-9999,"Licor 6400","WET","ambient","-9999","field","none","DAINTREE STOMATAL SET","spot measurements",-9999,-9999,0.153889734,9.466844167,1.963323168,269.8544961,"Argyrodendron peralatum",1000000175
"71",3246,"C3","angiosperm","tree","evergreen","tropical","humid",1.294,"opt","4/11/11","11:02:56","Jeff Kelly","rainforest","spp2_top_wet","Daintree rainforest canopy crane_QLD_AU",75.0011673,29.26978683,30.78734207,387.4005737,1210.413574,100.2718277,-9999,1.649382529,-9999,-9999,-16.1,145.45,-9999,-9999,-9999,"top canopy",-9999,-9999,"Licor 6400","WET","ambient","-9999","field","none","DAINTREE STOMATAL SET","spot measurements",-9999,-9999,0.11960669,7.746012482,1.393176657,272.0622468,"Argyrodendron peralatum",1000000175
"72",3247,"C3","angiosperm","tree","evergreen","tropical","humid",1.294,"opt","4/11/11","11:05:14","Jeff Kelly","rainforest","spp2_top_wet","Daintree rainforest canopy crane_QLD_AU",74.83319092,29.24034691,30.95751381,388.2184753,1272.786377,100.2726364,-9999,1.453780009,-9999,-9999,-16.1,145.45,-9999,-9999,-9999,"top canopy",-9999,-9999,"Licor 6400","WET","ambient","-9999","field","none","DAINTREE STOMATAL SET","spot measurements",-9999,-9999,0.10064596,7.290953368,1.448728212,260.653122,"Argyrodendron peralatum",1000000175
"73",3248,"C3","angiosperm","tree","evergreen","tropical","humid",1.294,"opt","4/11/11","11:08:44","Jeff Kelly","rainforest","spp2_top_wet","Daintree rainforest canopy crane_QLD_AU",72.69641113,29.57529831,30.91467094,386.5224609,1158.600952,100.2667694,-9999,1.984296145,-9999,-9999,-16.1,145.45,-9999,-9999,-9999,"top canopy",-9999,-9999,"Licor 6400","WET","ambient","-9999","field","none","DAINTREE STOMATAL SET","spot measurements",-9999,-9999,0.13756492,8.527714773,1.467037984,274.7840481,"Argyrodendron peralatum",1000000175
"74",3249,"C3","angiosperm","tree","evergreen","tropical","humid",1.294,"opt","4/11/11","11:11:40","Jeff Kelly","rainforest","spp2_top_wet","Daintree rainforest canopy crane_QLD_AU",73.58390045,29.61693382,31.13131523,386.2209473,1301.125732,100.2643051,-9999,2.180876206,-9999,-9999,-16.1,145.45,-9999,-9999,-9999,"top canopy",-9999,-9999,"Licor 6400","WET","ambient","-9999","field","none","DAINTREE STOMATAL SET","spot measurements",-9999,-9999,0.150659948,8.677096111,1.478583267,281.2995237,"Argyrodendron peralatum",1000000175
"75",3250,"C3","angiosperm","tree","evergreen","tropical","humid",1.294,"opt","4/11/11","11:14:00","Jeff Kelly","rainforest","spp2_top_wet","Daintree rainforest canopy crane_QLD_AU",72.48215485,29.64808655,31.33976364,386.9798279,1292.900513,100.265625,-9999,1.797255916,-9999,-9999,-16.1,145.45,-9999,-9999,-9999,"top canopy",-9999,-9999,"Licor 6400","WET","ambient","-9999","field","none","DAINTREE STOMATAL SET","spot measurements",-9999,-9999,0.115144469,8.196172929,1.573323672,260.3017456,"Argyrodendron peralatum",1000000175
"76",3251,"C3","angiosperm","tree","evergreen","tropical","humid",1.294,"opt","4/11/11","14:59:37","Jeff Kelly","rainforest","spp2_top_wet","Daintree rainforest canopy crane_QLD_AU",62.96810913,29.98333168,31.14914894,392.8565979,754.311768,100.1197891,-9999,1.117512168,-9999,-9999,-16.1,145.45,-9999,-9999,-9999,"top canopy",-9999,-9999,"Licor 6400","WET","ambient","-9999","field","none","DAINTREE STOMATAL SET","spot measurements",-9999,-9999,0.059011293,6.994607047,1.8697288,242.1826153,"Argyrodendron peralatum",1000000175
"77",3252,"C3","angiosperm","tree","evergreen","tropical","humid",1.294,"opt","4/11/11","15:02:20","Jeff Kelly","rainforest","spp2_top_wet","Daintree rainforest canopy crane_QLD_AU",67.96727753,29.9075737,30.5313282,389.5300903,1110.100098,100.1136475,-9999,2.022723196,-9999,-9999,-16.1,145.45,-9999,-9999,-9999,"top canopy",-9999,-9999,"Licor 6400","WET","ambient","-9999","field","none","DAINTREE STOMATAL SET","spot measurements",-9999,-9999,0.1359441,7.934827258,1.511842858,283.511541,"Argyrodendron peralatum",1000000175
"78",3253,"C3","angiosperm","tree","evergreen","tropical","humid",1.294,"opt","4/11/11","15:05:08","Jeff Kelly","rainforest","spp2_top_wet","Daintree rainforest canopy crane_QLD_AU",67.88394165,29.83059502,30.32831192,389.5374451,997.6937256,100.109993,-9999,1.776342834,-9999,-9999,-16.1,145.45,-9999,-9999,-9999,"top canopy",-9999,-9999,"Licor 6400","WET","ambient","-9999","field","none","DAINTREE STOMATAL SET","spot measurements",-9999,-9999,0.121560024,8.09558092,1.477318283,270.6108288,"Argyrodendron peralatum",1000000175
"79",3254,"C3","angiosperm","tree","evergreen","tropical","humid",1.294,"opt","4/11/11","15:08:39","Jeff Kelly","rainforest","spp2_top_wet","Daintree rainforest canopy crane_QLD_AU",68.48983765,29.79811096,30.21690559,389.5214844,967.87146,100.1101913,-9999,2.035296654,-9999,-9999,-16.1,145.45,-9999,-9999,-9999,"top canopy",-9999,-9999,"Licor 6400","WET","ambient","-9999","field","none","DAINTREE STOMATAL SET","spot measurements",-9999,-9999,0.145216521,7.895030036,1.429511415,290.3087214,"Argyrodendron peralatum",1000000175
"80",3255,"C3","angiosperm","tree","evergreen","tropical","humid",1.294,"opt","4/11/11","15:11:43","Jeff Kelly","rainforest","spp2_top_wet","Daintree rainforest canopy crane_QLD_AU",67.66756439,29.81250954,29.4955368,389.5787048,622.3839111,100.1039658,-9999,1.845457258,-9999,-9999,-16.1,145.45,-9999,-9999,-9999,"top canopy",-9999,-9999,"Licor 6400","WET","ambient","-9999","field","none","DAINTREE STOMATAL SET","spot measurements",-9999,-9999,0.146526879,8.06628267,1.286506472,289.9921933,"Argyrodendron peralatum",1000000175
"81",3256,"C3","angiosperm","tree","evergreen","tropical","humid",1.294,"opt","31/10/11","12:49:59","Jeff Kelly","rainforest","spp2_top_wet","Daintree rainforest canopy crane_QLD_AU",75.66107178,27.38205719,27.56362152,380.5909424,567.3477173,100.1460724,-9999,2.349851,-9999,-9999,-16.1,145.45,-9999,-9999,-9999,"top canopy",-9999,-9999,"Licor 6400","WET","ambient","-9999","field","none","DAINTREE STOMATAL SET","spot measurements",-9999,-9999,0.270822495,12.55908907,0.929971104,294.5495705,"Argyrodendron peralatum",1000000175
"82",3257,"C3","angiosperm","tree","evergreen","tropical","humid",1.294,"opt","31/10/11","12:52:05","Jeff Kelly","rainforest","spp2_top_wet","Daintree rainforest canopy crane_QLD_AU",75.84270477,27.38399506,27.61150551,379.3399963,628.0371704,100.1413116,-9999,2.366158273,-9999,-9999,-16.1,145.45,-9999,-9999,-9999,"top canopy",-9999,-9999,"Licor 6400","WET","ambient","-9999","field","none","DAINTREE STOMATAL SET","spot measurements",-9999,-9999,0.271758032,13.41379435,0.933380641,288.1030529,"Argyrodendron peralatum",1000000175
"83",3258,"C3","angiosperm","tree","evergreen","tropical","humid",1.294,"opt","31/10/11","12:54:30","Jeff Kelly","rainforest","spp2_top_wet","Daintree rainforest canopy crane_QLD_AU",75.65457916,27.54728508,28.00177383,377.6278687,744.1192627,100.1387253,-9999,2.475160322,-9999,-9999,-16.1,145.45,-9999,-9999,-9999,"top canopy",-9999,-9999,"Licor 6400","WET","ambient","-9999","field","none","DAINTREE STOMATAL SET","spot measurements",-9999,-9999,0.264751599,14.63526883,0.999165225,276.014362,"Argyrodendron peralatum",1000000175
"84",3259,"C3","angiosperm","tree","evergreen","tropical","humid",1.294,"opt","31/10/11","12:56:46","Jeff Kelly","rainforest","spp2_top_wet","Daintree rainforest canopy crane_QLD_AU",75.11895752,27.58110428,28.06660271,380.1285706,708.6853027,100.13237,-9999,2.372244069,-9999,-9999,-16.1,145.45,-9999,-9999,-9999,"top canopy",-9999,-9999,"Licor 6400","WET","ambient","-9999","field","none","DAINTREE STOMATAL SET","spot measurements",-9999,-9999,0.244915765,7.03895992,1.027831082,282.403081,"Argyrodendron peralatum",1000000175
"85",3260,"C3","angiosperm","tree","evergreen","tropical","humid",1.294,"opt","31/10/11","12:59:00","Jeff Kelly","rainforest","spp2_top_wet","Daintree rainforest canopy crane_QLD_AU",75.55186462,27.60180473,28.22197342,378.6463013,788.4083862,100.1224289,-9999,2.48423485,-9999,-9999,-16.1,145.45,-9999,-9999,-9999,"top canopy",-9999,-9999,"Licor 6400","WET","ambient","-9999","field","none","DAINTREE STOMATAL SET","spot measurements",-9999,-9999,0.253408626,14.13076242,1.043036319,276.2795344,"Argyrodendron peralatum",1000000175
"86",3261,"C3","angiosperm","tree","evergreen","tropical","humid",1.294,"opt","31/10/11","15:27:22","Jeff Kelly","rainforest","spp2_top_wet","Daintree rainforest canopy crane_QLD_AU",67.61585236,29.26292038,28.52799416,387.21521,453.6497192,99.92088318,-9999,2.18118384,-9999,-9999,-16.1,145.45,-9999,-9999,-9999,"top canopy",-9999,-9999,"Licor 6400","WET","ambient","-9999","field","none","DAINTREE STOMATAL SET","spot measurements",-9999,-9999,0.196921423,10.13688008,1.152222677,292.9940218,"Argyrodendron peralatum",1000000175
"87",3262,"C3","angiosperm","tree","evergreen","tropical","humid",1.294,"opt","31/10/11","15:35:28","Jeff Kelly","rainforest","spp2_top_wet","Daintree rainforest canopy crane_QLD_AU",64.33773804,29.11324692,28.4867363,389.8222351,383.903717,99.9307785,-9999,1.473145197,-9999,-9999,-16.1,145.45,-9999,-9999,-9999,"top canopy",-9999,-9999,"Licor 6400","WET","ambient","-9999","field","none","DAINTREE STOMATAL SET","spot measurements",-9999,-9999,0.114519527,7.673714738,1.299338264,271.4305188,"Argyrodendron peralatum",1000000175
"88",3263,"C3","angiosperm","tree","evergreen","tropical","humid",1.294,"opt","31/10/11","15:40:10","Jeff Kelly","rainforest","spp2_top_wet","Daintree rainforest canopy crane_QLD_AU",79.22471619,29.05672455,28.08441734,389.2041321,219.6366272,99.92711639,-9999,0.95544599,-9999,-9999,-16.1,145.45,-9999,-9999,-9999,"top canopy",-9999,-9999,"Licor 6400","WET","ambient","-9999","field","none","DAINTREE STOMATAL SET","spot measurements",-9999,-9999,0.158618977,7.436334066,0.616843636,306.6760073,"Argyrodendron peralatum",1000000175
"89",3264,"C3","angiosperm","tree","evergreen","tropical","humid",1.294,"opt","31/10/11","15:42:11","Jeff Kelly","rainforest","spp2_top_wet","Daintree rainforest canopy crane_QLD_AU",78.13656616,29.05240059,28.06140709,392.85495,165.418045,99.92209625,-9999,0.693250583,-9999,-9999,-16.1,145.45,-9999,-9999,-9999,"top canopy",-9999,-9999,"Licor 6400","WET","ambient","-9999","field","none","DAINTREE STOMATAL SET","spot measurements",-9999,-9999,0.106078627,4.829210666,0.656429341,313.6020553,"Argyrodendron peralatum",1000000175
"90",3265,"C3","angiosperm","tree","evergreen","tropical","humid",1.294,"opt","31/10/11","15:48:38","Jeff Kelly","rainforest","spp2_top_wet","Daintree rainforest canopy crane_QLD_AU",77.52822113,28.93795204,27.9303112,392.1252747,199.1271667,99.90745544,-9999,0.676211876,-9999,-9999,-16.1,145.45,-9999,-9999,-9999,"top canopy",-9999,-9999,"Licor 6400","WET","ambient","-9999","field","none","DAINTREE STOMATAL SET","spot measurements",-9999,-9999,0.10080432,5.623616179,0.672618882,296.0333931,"Argyrodendron peralatum",1000000175
"91",3266,"C3","angiosperm","tree","evergreen","tropical","humid",1.294,"opt","6/11/11","10:15:08","Jeff Kelly","rainforest","spp2_top_wet","Daintree rainforest canopy crane_QLD_AU",60.23004913,28.26292229,28.57964706,382.2411804,1113.745239,100.1348267,-9999,3.299773694,-9999,-9999,-16.1,145.45,-9999,-9999,-9999,"top canopy",-9999,-9999,"Licor 6400","WET","ambient","-9999","field","none","DAINTREE STOMATAL SET","spot measurements",-9999,-9999,0.214647953,13.51715241,1.604076877,266.468463,"Argyrodendron peralatum",1000000175
"92",3267,"C3","angiosperm","tree","evergreen","tropical","humid",1.294,"opt","6/11/11","10:17:37","Jeff Kelly","rainforest","spp2_top_wet","Daintree rainforest canopy crane_QLD_AU",60.17126083,28.34468842,29.10134888,383.0207825,1302.271729,100.1352921,-9999,4.20562403,-9999,-9999,-16.1,145.45,-9999,-9999,-9999,"top canopy",-9999,-9999,"Licor 6400","WET","ambient","-9999","field","none","DAINTREE STOMATAL SET","spot measurements",-9999,-9999,0.259340498,16.18189351,1.715729164,266.2981499,"Argyrodendron peralatum",1000000175
"93",3268,"C3","angiosperm","tree","evergreen","tropical","humid",1.294,"opt","6/11/11","10:19:45","Jeff Kelly","rainforest","spp2_top_wet","Daintree rainforest canopy crane_QLD_AU",60.06769562,28.56747246,29.55370522,382.638092,1451.01123,100.1393356,-9999,4.066528341,-9999,-9999,-16.1,145.45,-9999,-9999,-9999,"top canopy",-9999,-9999,"Licor 6400","WET","ambient","-9999","field","none","DAINTREE STOMATAL SET","spot measurements",-9999,-9999,0.237664581,14.8380485,1.796467564,266.071923,"Argyrodendron peralatum",1000000175
"94",3269,"C3","angiosperm","tree","evergreen","tropical","humid",1.294,"opt","6/11/11","10:21:44","Jeff Kelly","rainforest","spp2_top_wet","Daintree rainforest canopy crane_QLD_AU",60.24297333,28.61597252,29.25011635,382.3858032,1043.866211,100.1345978,-9999,2.969826461,-9999,-9999,-16.1,145.45,-9999,-9999,-9999,"top canopy",-9999,-9999,"Licor 6400","WET","ambient","-9999","field","none","DAINTREE STOMATAL SET","spot measurements",-9999,-9999,0.178816897,12.49760551,1.710834692,255.5985864,"Argyrodendron peralatum",1000000175
"95",3270,"C3","angiosperm","tree","evergreen","tropical","humid",1.294,"opt","6/11/11","10:24:27","Jeff Kelly","rainforest","spp2_top_wet","Daintree rainforest canopy crane_QLD_AU",60.19759369,28.80454636,29.32637405,385.2765198,1075.683472,100.1422577,-9999,3.63030278,-9999,-9999,-16.1,145.45,-9999,-9999,-9999,"top canopy",-9999,-9999,"Licor 6400","WET","ambient","-9999","field","none","DAINTREE STOMATAL SET","spot measurements",-9999,-9999,0.222531421,12.72348554,1.704592048,278.4140535,"Argyrodendron peralatum",1000000175
"96",3271,"C3","angiosperm","tree","evergreen","tropical","humid",1.294,"opt","6/11/11","14:11:51","Jeff Kelly","rainforest","spp2_top_wet","Daintree rainforest canopy crane_QLD_AU",61.29528809,29.04261971,29.63636398,382.054657,1069.371582,99.98705292,-9999,3.236572361,-9999,-9999,-16.1,145.45,-9999,-9999,-9999,"top canopy",-9999,-9999,"Licor 6400","WET","ambient","-9999","field","none","DAINTREE STOMATAL SET","spot measurements",-9999,-9999,0.196663467,13.19088288,1.701024406,259.4275605,"Argyrodendron peralatum",1000000175
"97",3272,"C3","angiosperm","tree","evergreen","tropical","humid",1.294,"opt","6/11/11","14:14:40","Jeff Kelly","rainforest","spp2_top_wet","Daintree rainforest canopy crane_QLD_AU",61.06605148,29.38475037,30.81376648,380.0932922,1514.727905,99.9747467,-9999,3.234624874,-9999,-9999,-16.1,145.45,-9999,-9999,-9999,"top canopy",-9999,-9999,"Licor 6400","WET","ambient","-9999","field","none","DAINTREE STOMATAL SET","spot measurements",-9999,-9999,0.169375744,13.46280772,1.95254497,236.5214997,"Argyrodendron peralatum",1000000175
"98",3273,"C3","angiosperm","tree","evergreen","tropical","humid",1.294,"opt","6/11/11","14:17:32","Jeff Kelly","rainforest","spp2_top_wet","Daintree rainforest canopy crane_QLD_AU",61.85117722,29.50721359,30.97336769,378.5394897,1579.608643,99.97032166,-9999,3.641666402,-9999,-9999,-16.1,145.45,-9999,-9999,-9999,"top canopy",-9999,-9999,"Licor 6400","WET","ambient","-9999","field","none","DAINTREE STOMATAL SET","spot measurements",-9999,-9999,0.193025631,14.4420714,1.943068306,241.9515206,"Argyrodendron peralatum",1000000175
"99",3274,"C3","angiosperm","tree","evergreen","tropical","humid",1.294,"opt","6/11/11","14:20:08","Jeff Kelly","rainforest","spp2_top_wet","Daintree rainforest canopy crane_QLD_AU",59.18466187,29.44121552,29.33091927,384.5133972,478.3587341,99.9646225,-9999,2.755552735,-9999,-9999,-16.1,145.45,-9999,-9999,-9999,"top canopy",-9999,-9999,"Licor 6400","WET","ambient","-9999","field","none","DAINTREE STOMATAL SET","spot measurements",-9999,-9999,0.170373807,10.38915206,1.65770678,272.9916462,"Argyrodendron peralatum",1000000175
"100",3275,"C3","angiosperm","tree","evergreen","tropical","humid",1.294,"opt","6/11/11","14:24:30","Jeff Kelly","rainforest","spp2_top_wet","Daintree rainforest canopy crane_QLD_AU",57.69945526,29.65060616,29.30368042,386.2105713,445.7181702,99.96497345,-9999,2.541626951,-9999,-9999,-16.1,145.45,-9999,-9999,-9999,"top canopy",-9999,-9999,"Licor 6400","WET","ambient","-9999","field","none","DAINTREE STOMATAL SET","spot measurements",-9999,-9999,0.153911862,9.476127211,1.683638493,274.0029978,"Argyrodendron peralatum",1000000175
"101",3276,"C3","angiosperm","tree","evergreen","tropical","humid",1.294,"opt","9/11/11","11:06:39","Jeff Kelly","rainforest","spp2_top_wet","Daintree rainforest canopy crane_QLD_AU",79.54720306,27.83493805,30.52344894,387.9250793,1465.809204,100.4232483,-9999,1.134875292,-9999,-9999,-16.1,145.45,-9999,-9999,-9999,"top canopy",-9999,-9999,"Licor 6400","WET","ambient","-9999","field","none","DAINTREE STOMATAL SET","spot measurements",-9999,-9999,0.080867943,8.705986685,1.400473992,204.1801707,"Argyrodendron peralatum",1000000175
"102",3277,"C3","angiosperm","tree","evergreen","tropical","humid",1.294,"opt","9/11/11","11:08:42","Jeff Kelly","rainforest","spp2_top_wet","Daintree rainforest canopy crane_QLD_AU",82.49388123,27.85494232,30.1815815,376.8744202,1386.855469,100.4151382,-9999,2.003430874,-9999,-9999,-16.1,145.45,-9999,-9999,-9999,"top canopy",-9999,-9999,"Licor 6400","WET","ambient","-9999","field","none","DAINTREE STOMATAL SET","spot measurements",-9999,-9999,0.172201824,14.75789951,1.400952989,206.4451982,"Argyrodendron peralatum",1000000175
"103",3278,"C3","angiosperm","tree","evergreen","tropical","humid",1.294,"opt","9/11/11","11:13:35","Jeff Kelly","rainforest","spp2_top_wet","Daintree rainforest canopy crane_QLD_AU",73.52825928,28.21419716,29.76740646,381.4321289,1066.336304,100.4289856,-9999,2.167594943,-9999,-9999,-16.1,145.45,-9999,-9999,-9999,"top canopy",-9999,-9999,"Licor 6400","WET","ambient","-9999","field","none","DAINTREE STOMATAL SET","spot measurements",-9999,-9999,0.162046811,14.02962724,1.378548438,228.50682,"Argyrodendron peralatum",1000000175
"104",3279,"C3","angiosperm","tree","evergreen","tropical","humid",1.294,"opt","9/11/11","11:16:30","Jeff Kelly","rainforest","spp2_top_wet","Daintree rainforest canopy crane_QLD_AU",75.31838226,28.27658463,30.62547112,377.2817078,1597.24231,100.4280548,-9999,2.924590496,-9999,-9999,-16.1,145.45,-9999,-9999,-9999,"top canopy",-9999,-9999,"Licor 6400","WET","ambient","-9999","field","none","DAINTREE STOMATAL SET","spot measurements",-9999,-9999,0.202062809,16.30186839,1.511307195,231.928936,"Argyrodendron peralatum",1000000175
"105",3280,"C3","angiosperm","tree","evergreen","tropical","humid",1.294,"opt","9/11/11","11:18:54","Jeff Kelly","rainforest","spp2_top_wet","Daintree rainforest canopy crane_QLD_AU",74.07629395,28.32056618,30.36565018,379.8143616,1598.771729,100.4252167,-9999,2.725514401,-9999,-9999,-16.1,145.45,-9999,-9999,-9999,"top canopy",-9999,-9999,"Licor 6400","WET","ambient","-9999","field","none","DAINTREE STOMATAL SET","spot measurements",-9999,-9999,0.190735916,14.52543088,1.48671375,242.6114047,"Argyrodendron peralatum",1000000175
"106",3281,"C3","angiosperm","tree","evergreen","tropical","humid",1.294,"opt","9/11/11","12:10:11","Jeff Kelly","rainforest","spp2_top_wet","Daintree rainforest canopy crane_QLD_AU",62.40590668,29.47152328,30.04171944,391.1104736,559.5762939,100.3512344,-9999,0.930714236,-9999,-9999,-16.1,145.45,-9999,-9999,-9999,"top canopy",-9999,-9999,"Licor 6400","WET","ambient","-9999","field","none","DAINTREE STOMATAL SET","spot measurements",-9999,-9999,0.054466787,7.18850775,1.691545657,168.3032049,"Argyrodendron peralatum",1000000175
"107",3282,"C3","angiosperm","tree","evergreen","tropical","humid",1.294,"opt","9/11/11","12:07:15","Jeff Kelly","rainforest","spp2_top_wet","Daintree rainforest canopy crane_QLD_AU",63.99654388,29.62470245,31.84382057,388.0140686,1767.865967,100.352417,-9999,1.639581186,-9999,-9999,-16.1,145.45,-9999,-9999,-9999,"top canopy",-9999,-9999,"Licor 6400","WET","ambient","-9999","field","none","DAINTREE STOMATAL SET","spot measurements",-9999,-9999,0.079126529,9.378995331,2.064719792,183.6095365,"Argyrodendron peralatum",1000000175
"108",3283,"C3","angiosperm","tree","evergreen","tropical","humid",1.294,"opt","9/11/11","14:58:35","Jeff Kelly","rainforest","spp2_top_wet","Daintree rainforest canopy crane_QLD_AU",55.54327774,29.9543438,31.85073853,393.8823547,452.475952,100.167984,-9999,1.417482041,-9999,-9999,-16.1,145.45,-9999,-9999,-9999,"top canopy",-9999,-9999,"Licor 6400","WET","ambient","-9999","field","none","DAINTREE STOMATAL SET","spot measurements",-9999,-9999,0.059005216,6.845781251,2.374695259,247.3192014,"Argyrodendron peralatum",1000000175
"109",3284,"C3","angiosperm","tree","evergreen","tropical","humid",1.294,"opt","9/11/11","15:01:48","Jeff Kelly","rainforest","spp2_top_wet","Daintree rainforest canopy crane_QLD_AU",54.52009583,29.91700172,32.27508163,393.7486877,668.087646,100.1509323,-9999,1.214586795,-9999,-9999,-16.1,145.45,-9999,-9999,-9999,"top canopy",-9999,-9999,"Licor 6400","WET","ambient","-9999","field","none","DAINTREE STOMATAL SET","spot measurements",-9999,-9999,0.047062124,5.99709658,2.538185431,204.1523374,"Argyrodendron peralatum",1000000175
"110",3285,"C3","angiosperm","tree","evergreen","tropical","humid",1.294,"opt","9/11/11","15:03:58","Jeff Kelly","rainforest","spp2_top_wet","Daintree rainforest canopy crane_QLD_AU",58.57857895,29.96095467,31.77169228,386.4763794,1670.235718,100.1553116,-9999,2.882098069,-9999,-9999,-16.1,145.45,-9999,-9999,-9999,"top canopy",-9999,-9999,"Licor 6400","WET","ambient","-9999","field","none","DAINTREE STOMATAL SET","spot measurements",-9999,-9999,0.131589365,10.39520491,2.223604549,242.9933095,"Argyrodendron peralatum",1000000175
"111",3286,"C3","angiosperm","tree","evergreen","tropical","humid",1.294,"opt","10/11/11","9:23:49","Jeff Kelly","rainforest","spp2_top_wet","Daintree rainforest canopy crane_QLD_AU",78.98778534,26.15664482,27.1263752,389.3510437,240.4840851,100.3701935,-9999,0.405371617,-9999,-9999,-16.1,145.45,-9999,-9999,-9999,"top canopy",-9999,-9999,"Licor 6400","WET","ambient","-9999","field","none","DAINTREE STOMATAL SET","spot measurements",-9999,-9999,0.043773842,6.544867509,0.915754577,182.6193698,"Argyrodendron peralatum",1000000175
"112",3287,"C3","angiosperm","tree","evergreen","tropical","humid",1.294,"opt","10/11/11","9:26:40","Jeff Kelly","rainforest","spp2_top_wet","Daintree rainforest canopy crane_QLD_AU",81.41527557,26.11322021,26.69525337,387.5357361,252.1352844,100.3757324,-9999,0.555013926,-9999,-9999,-16.1,145.45,-9999,-9999,-9999,"top canopy",-9999,-9999,"Licor 6400","WET","ambient","-9999","field","none","DAINTREE STOMATAL SET","spot measurements",-9999,-9999,0.074042638,6.95790712,0.749975551,229.6588097,"Argyrodendron peralatum",1000000175
"113",3288,"C3","angiosperm","tree","evergreen","tropical","humid",1.294,"opt","10/11/11","9:32:19","Jeff Kelly","rainforest","spp2_top_wet","Daintree rainforest canopy crane_QLD_AU",85.53926849,26.27484131,27.33275986,379.2092896,528.1209717,100.3893204,-9999,0.984721531,-9999,-9999,-16.1,145.45,-9999,-9999,-9999,"top canopy",-9999,-9999,"Licor 6400","WET","ambient","-9999","field","none","DAINTREE STOMATAL SET","spot measurements",-9999,-9999,0.140876263,11.44724677,0.716118,239.4389756,"Argyrodendron peralatum",1000000175
"114",3289,"C3","angiosperm","tree","evergreen","tropical","humid",1.294,"opt","10/11/11","9:39:37","Jeff Kelly","rainforest","spp2_top_wet","Daintree rainforest canopy crane_QLD_AU",75.23918152,26.42979813,28.09113884,380.180603,745.9710693,100.3941879,-9999,1.846596453,-9999,-9999,-16.1,145.45,-9999,-9999,-9999,"top canopy",-9999,-9999,"Licor 6400","WET","ambient","-9999","field","none","DAINTREE STOMATAL SET","spot measurements",-9999,-9999,0.157313567,10.74626741,1.210995621,258.806138,"Argyrodendron peralatum",1000000175
"115",3290,"C3","angiosperm","tree","evergreen","tropical","humid",1.294,"opt","10/11/11","9:50:09","Jeff Kelly","rainforest","spp2_top_wet","Daintree rainforest canopy crane_QLD_AU",73.18675232,26.79072762,27.24916458,384.6852112,343.5336609,100.4095001,-9999,1.059484634,-9999,-9999,-16.1,145.45,-9999,-9999,-9999,"top canopy",-9999,-9999,"Licor 6400","WET","ambient","-9999","field","none","DAINTREE STOMATAL SET","spot measurements",-9999,-9999,0.10266728,8.600882307,1.044426482,240.6957566,"Argyrodendron peralatum",1000000175
"116",3291,"C3","angiosperm","tree","evergreen","tropical","humid",1.294,"opt","10/11/11","13:39:13","Jeff Kelly","rainforest","spp2_top_wet","Daintree rainforest canopy crane_QLD_AU",57.80699158,29.62721252,30.7868042,387.1554871,911.9248657,100.2834167,-9999,1.9895197,-9999,-9999,-16.1,145.45,-9999,-9999,-9999,"top canopy",-9999,-9999,"Licor 6400","WET","ambient","-9999","field","none","DAINTREE STOMATAL SET","spot measurements",-9999,-9999,0.097767106,9.893667024,2.046236146,209.9002927,"Argyrodendron peralatum",1000000175
"117",3292,"C3","angiosperm","tree","evergreen","tropical","humid",1.294,"opt","10/11/11","13:45:06","Jeff Kelly","rainforest","spp2_top_wet","Daintree rainforest canopy crane_QLD_AU",58.37226868,29.54863358,29.84322929,383.9391785,697.6955566,100.2820206,-9999,2.359956025,-9999,-9999,-16.1,145.45,-9999,-9999,-9999,"top canopy",-9999,-9999,"Licor 6400","WET","ambient","-9999","field","none","DAINTREE STOMATAL SET","spot measurements",-9999,-9999,0.13384837,11.53731624,1.799066957,230.7806262,"Argyrodendron peralatum",1000000175
"118",3293,"C3","angiosperm","tree","evergreen","tropical","humid",1.294,"opt","10/11/11","13:51:04","Jeff Kelly","rainforest","spp2_top_wet","Daintree rainforest canopy crane_QLD_AU",58.31496811,29.63088417,29.97860146,383.1957703,690.2416382,100.2692871,-9999,2.572696454,-9999,-9999,-16.1,145.45,-9999,-9999,-9999,"top canopy",-9999,-9999,"Licor 6400","WET","ambient","-9999","field","none","DAINTREE STOMATAL SET","spot measurements",-9999,-9999,0.144525642,11.83400557,1.822927099,236.5885594,"Argyrodendron peralatum",1000000175
"119",3294,"C3","angiosperm","tree","evergreen","tropical","humid",1.294,"opt","10/11/11","13:54:18","Jeff Kelly","rainforest","spp2_top_wet","Daintree rainforest canopy crane_QLD_AU",58.38922882,29.65491486,31.93098068,384.14505,1711.090576,100.2705154,-9999,2.692950183,-9999,-9999,-16.1,145.45,-9999,-9999,-9999,"top canopy",-9999,-9999,"Licor 6400","WET","ambient","-9999","field","none","DAINTREE STOMATAL SET","spot measurements",-9999,-9999,0.117487822,10.96467323,2.317702026,217.4802628,"Argyrodendron peralatum",1000000175
"120",3295,"C3","angiosperm","tree","evergreen","tropical","humid",1.294,"opt","10/11/11","14:01:12","Jeff Kelly","rainforest","spp2_top_wet","Daintree rainforest canopy crane_QLD_AU",55.71097946,30.08727837,30.81510925,387.096405,1135.016235,100.2559586,-9999,2.240691613,-9999,-9999,-16.1,145.45,-9999,-9999,-9999,"top canopy",-9999,-9999,"Licor 6400","WET","ambient","-9999","field","none","DAINTREE STOMATAL SET","spot measurements",-9999,-9999,0.108827932,9.243941854,2.078573492,235.6055473,"Argyrodendron peralatum",1000000175
"121",3296,"C3","angiosperm","tree","evergreen","tropical","humid",1.294,"opt","1/11/11","11:37:23","Jeff Kelly","rainforest","spp3_top_wet","Daintree rainforest canopy crane_QLD_AU",62.09910965,29.85313225,31.05180359,374.7753296,1657.001465,100.2673187,-9999,5.761626991,-9999,-9999,-16.1,145.45,-9999,-9999,-9999,"top canopy",-9999,-9999,"Licor 6400","WET","ambient","-9999","field","none","DAINTREE STOMATAL SET","spot measurements",-9999,-9999,0.330964202,19.78399358,1.901256517,258.7273799,"Elaeocarpus grandis",1000000175
"122",3297,"C3","angiosperm","tree","evergreen","tropical","humid",1.294,"opt","1/11/11","11:40:00","Jeff Kelly","rainforest","spp3_top_wet","Daintree rainforest canopy crane_QLD_AU",62.15873718,30.06214523,31.26393318,372.5280151,1629.520752,100.2686615,-9999,5.983569431,-9999,-9999,-16.1,145.45,-9999,-9999,-9999,"top canopy",-9999,-9999,"Licor 6400","WET","ambient","-9999","field","none","DAINTREE STOMATAL SET","spot measurements",-9999,-9999,0.34103597,20.82311471,1.922006327,253.8766554,"Elaeocarpus grandis",1000000175
"123",3298,"C3","angiosperm","tree","evergreen","tropical","humid",1.294,"opt","1/11/11","11:42:21","Jeff Kelly","rainforest","spp3_top_wet","Daintree rainforest canopy crane_QLD_AU",62.13703537,30.02864265,31.23765945,373.6701355,1734.801636,100.2675934,-9999,5.896138563,-9999,-9999,-16.1,145.45,-9999,-9999,-9999,"top canopy",-9999,-9999,"Licor 6400","WET","ambient","-9999","field","none","DAINTREE STOMATAL SET","spot measurements",-9999,-9999,0.33557982,19.49893889,1.921197168,260.3370454,"Elaeocarpus grandis",1000000175
"124",3299,"C3","angiosperm","tree","evergreen","tropical","humid",1.294,"opt","1/11/11","11:46:14","Jeff Kelly","rainforest","spp3_top_wet","Daintree rainforest canopy crane_QLD_AU",59.88490677,30.04014587,30.70739365,375.7104492,1633.700562,100.2646866,-9999,5.043508674,-9999,-9999,-16.1,145.45,-9999,-9999,-9999,"top canopy",-9999,-9999,"Licor 6400","WET","ambient","-9999","field","none","DAINTREE STOMATAL SET","spot measurements",-9999,-9999,0.289050006,17.95468297,1.879400764,257.0136379,"Elaeocarpus grandis",1000000175
"125",3300,"C3","angiosperm","tree","evergreen","tropical","humid",1.294,"opt","1/11/11","11:48:35","Jeff Kelly","rainforest","spp3_top_wet","Daintree rainforest canopy crane_QLD_AU",59.85409164,30.11039734,31.61872292,377.5034485,1464.909302,100.2652512,-9999,5.077087688,-9999,-9999,-16.1,145.45,-9999,-9999,-9999,"top canopy",-9999,-9999,"Licor 6400","WET","ambient","-9999","field","none","DAINTREE STOMATAL SET","spot measurements",-9999,-9999,0.256261262,16.59113912,2.106729067,254.1507989,"Elaeocarpus grandis",1000000175
"126",3301,"C3","angiosperm","tree","evergreen","tropical","humid",1.294,"opt","1/11/11","14:29:01","Jeff Kelly","rainforest","spp3_top_wet","Daintree rainforest canopy crane_QLD_AU",74.69276428,30.59482956,31.25274467,374.835144,1332.015259,100.1196213,-9999,3.31489397,-9999,-9999,-16.1,145.45,-9999,-9999,-9999,"top canopy",-9999,-9999,"Licor 6400","WET","ambient","-9999","field","none","DAINTREE STOMATAL SET","spot measurements",-9999,-9999,0.274994481,18.49973434,1.284194527,250.6944079,"Elaeocarpus grandis",1000000175
"127",3302,"C3","angiosperm","tree","evergreen","tropical","humid",1.294,"opt","1/11/11","14:32:39","Jeff Kelly","rainforest","spp3_top_wet","Daintree rainforest canopy crane_QLD_AU",72.41690826,30.48245621,29.54346275,385.0400696,301.329071,100.1126785,-9999,2.484102273,-9999,-9999,-16.1,145.45,-9999,-9999,-9999,"top canopy",-9999,-9999,"Licor 6400","WET","ambient","-9999","field","none","DAINTREE STOMATAL SET","spot measurements",-9999,-9999,0.270903618,10.65060759,0.978171518,310.8589974,"Elaeocarpus grandis",1000000175
"128",3303,"C3","angiosperm","tree","evergreen","tropical","humid",1.294,"opt","1/11/11","14:35:02","Jeff Kelly","rainforest","spp3_top_wet","Daintree rainforest canopy crane_QLD_AU",73.25391388,30.45992661,31.69930458,375.8305359,1604.088501,100.1113052,-9999,2.877378119,-9999,-9999,-16.1,145.45,-9999,-9999,-9999,"top canopy",-9999,-9999,"Licor 6400","WET","ambient","-9999","field","none","DAINTREE STOMATAL SET","spot measurements",-9999,-9999,0.200240378,15.76426536,1.490063115,217.0921994,"Elaeocarpus grandis",1000000175
"129",3304,"C3","angiosperm","tree","evergreen","tropical","humid",1.294,"opt","1/11/11","14:37:15","Jeff Kelly","rainforest","spp3_top_wet","Daintree rainforest canopy crane_QLD_AU",53.06487656,30.44348907,29.86959076,382.3931274,943.8012085,100.111351,-9999,3.635168522,-9999,-9999,-16.1,145.45,-9999,-9999,-9999,"top canopy",-9999,-9999,"Licor 6400","WET","ambient","-9999","field","none","DAINTREE STOMATAL SET","spot measurements",-9999,-9999,0.198670656,11.68246053,1.909603849,271.8324713,"Elaeocarpus grandis",1000000175
"130",3305,"C3","angiosperm","tree","evergreen","tropical","humid",1.294,"opt","1/11/11","14:38:53","Jeff Kelly","rainforest","spp3_top_wet","Daintree rainforest canopy crane_QLD_AU",57.13991165,30.52519798,30.21396446,376.3325195,1110.519775,100.1061783,-9999,5.323621471,-9999,-9999,-16.1,145.45,-9999,-9999,-9999,"top canopy",-9999,-9999,"Licor 6400","WET","ambient","-9999","field","none","DAINTREE STOMATAL SET","spot measurements",-9999,-9999,0.321155015,16.21848884,1.804263104,277.2391148,"Elaeocarpus grandis",1000000175
"131",3306,"C3","angiosperm","tree","evergreen","tropical","humid",1.294,"opt","30/10/11","11:16:06","Jeff Kelly","rainforest","spp3_top_wet","Daintree rainforest canopy crane_QLD_AU",65.24110413,27.58264923,27.10531044,378.3226624,997.9175415,100.2186508,-9999,4.033753599,-9999,-9999,-16.1,145.45,-9999,-9999,-9999,"top canopy",-9999,-9999,"Licor 6400","WET","ambient","-9999","field","none","DAINTREE STOMATAL SET","spot measurements",-9999,-9999,0.374485351,17.94562068,1.185162844,286.6157644,"Elaeocarpus grandis",1000000175
"132",3307,"C3","angiosperm","tree","evergreen","tropical","humid",1.294,"opt","30/10/11","11:20:05","Jeff Kelly","rainforest","spp3_top_wet","Daintree rainforest canopy crane_QLD_AU",65.17260742,27.60607147,26.96902657,379.4494629,1223.452576,100.2143097,-9999,3.928302076,-9999,-9999,-16.1,145.45,-9999,-9999,-9999,"top canopy",-9999,-9999,"Licor 6400","WET","ambient","-9999","field","none","DAINTREE STOMATAL SET","spot measurements",-9999,-9999,0.373974123,17.06833949,1.15568837,291.913285,"Elaeocarpus grandis",1000000175
"133",3308,"C3","angiosperm","tree","evergreen","tropical","humid",1.294,"opt","30/10/11","11:22:32","Jeff Kelly","rainforest","spp3_top_wet","Daintree rainforest canopy crane_QLD_AU",65.14866638,27.74438286,27.42149162,378.1271057,959.2111206,100.2139435,-9999,4.132883334,-9999,-9999,-16.1,145.45,-9999,-9999,-9999,"top canopy",-9999,-9999,"Licor 6400","WET","ambient","-9999","field","none","DAINTREE STOMATAL SET","spot measurements",-9999,-9999,0.367846093,18.79304342,1.233040825,280.7395086,"Elaeocarpus grandis",1000000175
"134",3309,"C3","angiosperm","tree","evergreen","tropical","humid",1.294,"opt","30/10/11","11:25:00","Jeff Kelly","rainforest","spp3_top_wet","Daintree rainforest canopy crane_QLD_AU",65.24807739,27.8484726,27.61531639,378.2053528,1299.960754,100.2119904,-9999,4.348642746,-9999,-9999,-16.1,145.45,-9999,-9999,-9999,"top canopy",-9999,-9999,"Licor 6400","WET","ambient","-9999","field","none","DAINTREE STOMATAL SET","spot measurements",-9999,-9999,0.381359747,19.33709522,1.25629387,281.0428068,"Elaeocarpus grandis",1000000175
"135",3310,"C3","angiosperm","tree","evergreen","tropical","humid",1.294,"opt","30/10/11","11:27:57","Jeff Kelly","rainforest","spp3_top_wet","Daintree rainforest canopy crane_QLD_AU",63.17259216,28.19353294,27.55751801,383.7007446,1150.562256,100.2090607,-9999,5.050481992,-9999,-9999,-16.1,145.45,-9999,-9999,-9999,"top canopy",-9999,-9999,"Licor 6400","WET","ambient","-9999","field","none","DAINTREE STOMATAL SET","spot measurements",-9999,-9999,0.395713291,17.63716871,1.273566209,284.7996664,"Elaeocarpus grandis",1000000175
"136",3311,"C3","angiosperm","tree","evergreen","tropical","humid",1.294,"opt","30/10/11","14:47:48","Jeff Kelly","rainforest","spp3_top_wet","Daintree rainforest canopy crane_QLD_AU",65.13652802,29.23227501,28.92216873,378.4335327,799.8137207,100.0526352,-9999,4.66003391,-9999,-9999,-16.1,145.45,-9999,-9999,-9999,"top canopy",-9999,-9999,"Licor 6400","WET","ambient","-9999","field","none","DAINTREE STOMATAL SET","spot measurements",-9999,-9999,0.384489281,16.37397165,1.348635247,294.1576644,"Elaeocarpus grandis",1000000175
"137",3312,"C3","angiosperm","tree","evergreen","tropical","humid",1.294,"opt","30/10/11","14:49:54","Jeff Kelly","rainforest","spp3_top_wet","Daintree rainforest canopy crane_QLD_AU",67.23661804,29.35125732,30.61849022,374.5899048,1588.952026,100.060379,-9999,5.518606178,-9999,-9999,-16.1,145.45,-9999,-9999,-9999,"top canopy",-9999,-9999,"Licor 6400","WET","ambient","-9999","field","none","DAINTREE STOMATAL SET","spot measurements",-9999,-9999,0.368106716,19.29674722,1.654611888,271.6657369,"Elaeocarpus grandis",1000000175
"138",3313,"C3","angiosperm","tree","evergreen","tropical","humid",1.294,"opt","30/10/11","14:53:44","Jeff Kelly","rainforest","spp3_top_wet","Daintree rainforest canopy crane_QLD_AU",64.84043884,29.51666832,31.0102272,377.7671204,1435.755493,100.0617676,-9999,4.82494489,-9999,-9999,-16.1,145.45,-9999,-9999,-9999,"top canopy",-9999,-9999,"Licor 6400","WET","ambient","-9999","field","none","DAINTREE STOMATAL SET","spot measurements",-9999,-9999,0.282896733,17.14041881,1.827286884,262.0799319,"Elaeocarpus grandis",1000000175
"139",3314,"C3","angiosperm","tree","evergreen","tropical","humid",1.294,"opt","30/10/11","14:55:40","Jeff Kelly","rainforest","spp3_top_wet","Daintree rainforest canopy crane_QLD_AU",66.78115082,29.55322456,30.29304695,379.3170776,1265.878784,100.0548401,-9999,5.525033713,-9999,-9999,-16.1,145.45,-9999,-9999,-9999,"top canopy",-9999,-9999,"Licor 6400","WET","ambient","-9999","field","none","DAINTREE STOMATAL SET","spot measurements",-9999,-9999,0.394618825,15.56078571,1.559716757,299.2791014,"Elaeocarpus grandis",1000000175
"140",3315,"C3","angiosperm","tree","evergreen","tropical","humid",1.294,"opt","30/10/11","14:57:45","Jeff Kelly","rainforest","spp3_top_wet","Daintree rainforest canopy crane_QLD_AU",67.27455902,29.63718987,30.81790543,374.8221436,1490.178345,100.0524673,-9999,5.718388794,-9999,-9999,-16.1,145.45,-9999,-9999,-9999,"top canopy",-9999,-9999,"Licor 6400","WET","ambient","-9999","field","none","DAINTREE STOMATAL SET","spot measurements",-9999,-9999,0.382340086,19.30547487,1.657741525,274.9159596,"Elaeocarpus grandis",1000000175
"141",3316,"C3","angiosperm","tree","evergreen","tropical","humid",1.294,"opt","6/11/11","12:11:36","Jeff Kelly","rainforest","spp3_top_wet","Daintree rainforest canopy crane_QLD_AU",82.70185089,26.68031502,27.49582672,374.3881836,716.5987549,100.234169,-9999,1.591268514,-9999,-9999,-16.1,145.45,-9999,-9999,-9999,"top canopy",-9999,-9999,"Licor 6400","WET","ambient","-9999","field","none","DAINTREE STOMATAL SET","spot measurements",-9999,-9999,0.214404561,12.3933618,0.97981559,247.3076388,"Elaeocarpus grandis",1000000175
"142",3317,"C3","angiosperm","tree","evergreen","tropical","humid",1.294,"opt","6/11/11","12:14:08","Jeff Kelly","rainforest","spp3_top_wet","Daintree rainforest canopy crane_QLD_AU",84.14745331,26.8065567,28.04019547,372.6881714,699.5100098,100.2326813,-9999,1.632957903,-9999,-9999,-16.1,145.45,-9999,-9999,-9999,"top canopy",-9999,-9999,"Licor 6400","WET","ambient","-9999","field","none","DAINTREE STOMATAL SET","spot measurements",-9999,-9999,0.206947748,11.4539331,0.826018224,240.7830745,"Elaeocarpus grandis",1000000175
"143",3318,"C3","angiosperm","tree","evergreen","tropical","humid",1.294,"opt","6/11/11","12:17:19","Jeff Kelly","rainforest","spp3_top_wet","Daintree rainforest canopy crane_QLD_AU",85.14899445,26.85666656,27.93087006,372.3165588,676.7388916,100.2299805,-9999,1.512419598,-9999,-9999,-16.1,145.45,-9999,-9999,-9999,"top canopy",-9999,-9999,"Licor 6400","WET","ambient","-9999","field","none","DAINTREE STOMATAL SET","spot measurements",-9999,-9999,0.209142985,10.84066832,0.757516201,230.7213062,"Elaeocarpus grandis",1000000175
"144",3319,"C3","angiosperm","tree","evergreen","tropical","humid",1.294,"opt","6/11/11","12:19:36","Jeff Kelly","rainforest","spp3_top_wet","Daintree rainforest canopy crane_QLD_AU",85.82558441,26.90418053,28.32436752,378.3619385,727.5871582,100.2287827,-9999,1.376657866,-9999,-9999,-16.1,145.45,-9999,-9999,-9999,"top canopy",-9999,-9999,"Licor 6400","WET","ambient","-9999","field","none","DAINTREE STOMATAL SET","spot measurements",-9999,-9999,0.175172993,13.48336099,1.212603162,243.8388604,"Elaeocarpus grandis",1000000175
"145",3320,"C3","angiosperm","tree","evergreen","tropical","humid",1.294,"opt","6/11/11","12:25:12","Jeff Kelly","rainforest","spp3_top_wet","Daintree rainforest canopy crane_QLD_AU",85.32624817,27.22599411,28.1605587,377.8482971,668.1436157,100.2282715,-9999,0.847819019,-9999,-9999,-16.1,145.45,-9999,-9999,-9999,"top canopy",-9999,-9999,"Licor 6400","WET","ambient","-9999","field","none","DAINTREE STOMATAL SET","spot measurements",-9999,-9999,0.116587802,8.54178853,0.735770548,181.3680708,"Elaeocarpus grandis",1000000175
"146",3321,"C3","angiosperm","tree","evergreen","tropical","humid",1.294,"opt","6/11/11","14:47:21","Jeff Kelly","rainforest","spp3_top_wet","Daintree rainforest canopy crane_QLD_AU",77.97368622,29.22800255,30.54380226,371.7061157,1246.654541,100.0233994,-9999,3.22434918,-9999,-9999,-16.1,145.45,-9999,-9999,-9999,"top canopy",-9999,-9999,"Licor 6400","WET","ambient","-9999","field","none","DAINTREE STOMATAL SET","spot measurements",-9999,-9999,0.28301488,20.02834668,1.217815473,241.6224913,"Elaeocarpus grandis",1000000175
"147",3322,"C3","angiosperm","tree","evergreen","tropical","humid",1.294,"opt","6/11/11","14:50:05","Jeff Kelly","rainforest","spp3_top_wet","Daintree rainforest canopy crane_QLD_AU",78.39417267,29.43022728,30.83260918,370.903717,1373.80957,100.0187302,-9999,3.317869368,-9999,-9999,-16.1,145.45,-9999,-9999,-9999,"top canopy",-9999,-9999,"Licor 6400","WET","ambient","-9999","field","none","DAINTREE STOMATAL SET","spot measurements",-9999,-9999,0.287070865,20.4929049,1.236315569,239.514908,"Elaeocarpus grandis",1000000175
"148",3323,"C3","angiosperm","tree","evergreen","tropical","humid",1.294,"opt","6/11/11","14:53:04","Jeff Kelly","rainforest","spp3_top_wet","Daintree rainforest canopy crane_QLD_AU",73.2999115,29.76511765,31.55549622,372.6923218,1409.858887,100.0183411,-9999,3.611794503,-9999,-9999,-16.1,145.45,-9999,-9999,-9999,"top canopy",-9999,-9999,"Licor 6400","WET","ambient","-9999","field","none","DAINTREE STOMATAL SET","spot measurements",-9999,-9999,0.241267787,20.02827538,2.37523313,221.446537,"Elaeocarpus grandis",1000000175
"149",3324,"C3","angiosperm","tree","evergreen","tropical","humid",1.294,"opt","6/11/11","14:55:53","Jeff Kelly","rainforest","spp3_top_wet","Daintree rainforest canopy crane_QLD_AU",73.76151276,29.6837616,29.59748459,376.9433899,567.8723145,100.0102921,-9999,3.462060146,-9999,-9999,-16.1,145.45,-9999,-9999,-9999,"top canopy",-9999,-9999,"Licor 6400","WET","ambient","-9999","field","none","DAINTREE STOMATAL SET","spot measurements",-9999,-9999,0.352576868,16.27539072,1.076995267,288.5169591,"Elaeocarpus grandis",1000000175
"150",3325,"C3","angiosperm","tree","evergreen","tropical","humid",1.294,"opt","6/11/11","14:59:23","Jeff Kelly","rainforest","spp3_top_wet","Daintree rainforest canopy crane_QLD_AU",72.4309082,29.58977509,29.49889946,380.4260254,536.5475464,100.0015945,-9999,2.72884957,-9999,-9999,-16.1,145.45,-9999,-9999,-9999,"top canopy",-9999,-9999,"Licor 6400","WET","ambient","-9999","field","none","DAINTREE STOMATAL SET","spot measurements",-9999,-9999,0.257341156,14.25276156,1.125437501,278.1030821,"Elaeocarpus grandis",1000000175
"151",3326,"C3","angiosperm","tree","evergreen","tropical","humid",1.294,"opt","31/10/11","9:34:21","Jeff Kelly","rainforest","spp3_top_wet","Daintree rainforest canopy crane_QLD_AU",86.05136108,26.16888237,27.83360481,365.6795044,1249.511841,100.1860046,-9999,1.378452944,-9999,-9999,-16.1,145.45,-9999,-9999,-9999,"top canopy",-9999,-9999,"Licor 6400","WET","ambient","-9999","field","none","DAINTREE STOMATAL SET","spot measurements",-9999,-9999,0.191483752,14.83909308,1.225445433,196.6390581,"Elaeocarpus grandis",1000000175
"152",3327,"C3","angiosperm","tree","evergreen","tropical","humid",1.294,"opt","31/10/11","9:36:26","Jeff Kelly","rainforest","spp3_top_wet","Daintree rainforest canopy crane_QLD_AU",86.49632263,26.28434563,27.99669266,370.2709045,1140.11792,100.1863937,-9999,1.367646435,-9999,-9999,-16.1,145.45,-9999,-9999,-9999,"top canopy",-9999,-9999,"Licor 6400","WET","ambient","-9999","field","none","DAINTREE STOMATAL SET","spot measurements",-9999,-9999,0.169866095,12.99345565,1.126028638,217.830039,"Elaeocarpus grandis",1000000175
"153",3328,"C3","angiosperm","tree","evergreen","tropical","humid",1.294,"opt","31/10/11","9:42:13","Jeff Kelly","rainforest","spp3_top_wet","Daintree rainforest canopy crane_QLD_AU",90.41888428,26.77033997,29.072649,362.286377,1344.593262,100.1835327,-9999,2.025104012,-9999,-9999,-16.1,145.45,-9999,-9999,-9999,"top canopy",-9999,-9999,"Licor 6400","WET","ambient","-9999","field","none","DAINTREE STOMATAL SET","spot measurements",-9999,-9999,0.251681946,18.43598295,0.845870511,232.0749456,"Elaeocarpus grandis",1000000175
"154",3329,"C3","angiosperm","tree","evergreen","tropical","humid",1.294,"opt","31/10/11","9:45:11","Jeff Kelly","rainforest","spp3_top_wet","Daintree rainforest canopy crane_QLD_AU",86.28631592,27.34802246,29.15853691,367.4140015,1247.10437,100.1809235,-9999,1.57829706,-9999,-9999,-16.1,145.45,-9999,-9999,-9999,"top canopy",-9999,-9999,"Licor 6400","WET","ambient","-9999","field","none","DAINTREE STOMATAL SET","spot measurements",-9999,-9999,0.188665814,14.73210461,1.306798888,214.6050192,"Elaeocarpus grandis",1000000175
"155",3330,"C3","angiosperm","tree","evergreen","tropical","humid",1.294,"opt","31/10/11","9:49:11","Jeff Kelly","rainforest","spp3_top_wet","Daintree rainforest canopy crane_QLD_AU",84.90776825,27.77542305,29.30377197,370.1913757,1122.610352,100.1846771,-9999,1.723044371,-9999,-9999,-16.1,145.45,-9999,-9999,-9999,"top canopy",-9999,-9999,"Licor 6400","WET","ambient","-9999","field","none","DAINTREE STOMATAL SET","spot measurements",-9999,-9999,0.194736496,14.18535363,1.212841609,216.3071718,"Elaeocarpus grandis",1000000175
"156",3331,"C3","angiosperm","tree","evergreen","tropical","humid",1.294,"opt","31/10/11","13:23:49","Jeff Kelly","rainforest","spp3_top_wet","Daintree rainforest canopy crane_QLD_AU",57.95855713,28.65582848,28.46439362,386.4747314,754.5609131,100.0679169,-9999,2.285900032,-9999,-9999,-16.1,145.45,-9999,-9999,-9999,"top canopy",-9999,-9999,"Licor 6400","WET","ambient","-9999","field","none","DAINTREE STOMATAL SET","spot measurements",-9999,-9999,0.144339978,9.412922853,1.613856957,268.9273101,"Elaeocarpus grandis",1000000175
"157",3332,"C3","angiosperm","tree","evergreen","tropical","humid",1.294,"opt","31/10/11","13:27:17","Jeff Kelly","rainforest","spp3_top_wet","Daintree rainforest canopy crane_QLD_AU",59.89211655,28.75168228,29.30761909,380.3378296,1019.174255,100.0674667,-9999,2.994603497,-9999,-9999,-16.1,145.45,-9999,-9999,-9999,"top canopy",-9999,-9999,"Licor 6400","WET","ambient","-9999","field","none","DAINTREE STOMATAL SET","spot measurements",-9999,-9999,0.179276664,14.16050601,1.719590566,238.4125499,"Elaeocarpus grandis",1000000175
"158",3333,"C3","angiosperm","tree","evergreen","tropical","humid",1.294,"opt","31/10/11","13:30:54","Jeff Kelly","rainforest","spp3_top_wet","Daintree rainforest canopy crane_QLD_AU",59.63645172,28.84467506,28.96836662,381.9396362,810.9677734,100.0679016,-9999,3.073565129,-9999,-9999,-16.1,145.45,-9999,-9999,-9999,"top canopy",-9999,-9999,"Licor 6400","WET","ambient","-9999","field","none","DAINTREE STOMATAL SET","spot measurements",-9999,-9999,0.194272144,14.26645115,1.637447095,249.1061533,"Elaeocarpus grandis",1000000175
"159",3334,"C3","angiosperm","tree","evergreen","tropical","humid",1.294,"opt","31/10/11","13:33:55","Jeff Kelly","rainforest","spp3_top_wet","Daintree rainforest canopy crane_QLD_AU",59.77049255,28.86360359,28.43725777,382.8643188,551.9308472,100.0654144,-9999,3.194592661,-9999,-9999,-16.1,145.45,-9999,-9999,-9999,"top canopy",-9999,-9999,"Licor 6400","WET","ambient","-9999","field","none","DAINTREE STOMATAL SET","spot measurements",-9999,-9999,0.221377685,13.54716656,1.50772906,270.3729638,"Elaeocarpus grandis",1000000175
"160",3335,"C3","angiosperm","tree","evergreen","tropical","humid",1.294,"opt","31/10/11","13:38:58","Jeff Kelly","rainforest","spp3_top_wet","Daintree rainforest canopy crane_QLD_AU",59.91500092,28.82966042,28.71450424,381.2754211,767.7651367,100.0766144,-9999,3.219080883,-9999,-9999,-16.1,145.45,-9999,-9999,-9999,"top canopy",-9999,-9999,"Licor 6400","WET","ambient","-9999","field","none","DAINTREE STOMATAL SET","spot measurements",-9999,-9999,0.213666641,15.00588243,1.569812668,253.5241695,"Elaeocarpus grandis",1000000175
"161",3336,"C3","angiosperm","tree","evergreen","tropical","humid",1.294,"opt","2/11/11","9:42:26","Jeff Kelly","rainforest","spp3_top_wet","Daintree rainforest canopy crane_QLD_AU",76.83824921,27.11766052,27.77930832,373.1953735,893.2006226,100.1889267,-9999,2.317348505,-9999,-9999,-16.1,145.45,-9999,-9999,-9999,"top canopy",-9999,-9999,"Licor 6400","WET","ambient","-9999","field","none","DAINTREE STOMATAL SET","spot measurements",-9999,-9999,0.252617571,13.03871357,0.977063982,278.4367973,"Elaeocarpus grandis",1000000175
"162",3337,"C3","angiosperm","tree","evergreen","tropical","humid",1.294,"opt","2/11/11","9:45:28","Jeff Kelly","rainforest","spp3_top_wet","Daintree rainforest canopy crane_QLD_AU",77.18139648,27.34107399,29.1073494,378.6105042,1075.196045,100.1864548,-9999,2.174663066,-9999,-9999,-16.1,145.45,-9999,-9999,-9999,"top canopy",-9999,-9999,"Licor 6400","WET","ambient","-9999","field","none","DAINTREE STOMATAL SET","spot measurements",-9999,-9999,0.183563741,9.909002864,1.228553736,280.3004552,"Elaeocarpus grandis",1000000175
"163",3338,"C3","angiosperm","tree","evergreen","tropical","humid",1.294,"opt","2/11/11","9:49:07","Jeff Kelly","rainforest","spp3_top_wet","Daintree rainforest canopy crane_QLD_AU",79.94490814,27.87722588,29.29559135,368.296814,1097.259277,100.1888657,-9999,2.748469418,-9999,-9999,-16.1,145.45,-9999,-9999,-9999,"top canopy",-9999,-9999,"Licor 6400","WET","ambient","-9999","field","none","DAINTREE STOMATAL SET","spot measurements",-9999,-9999,0.272406755,15.17136988,1.078943378,265.4725645,"Elaeocarpus grandis",1000000175
"164",3339,"C3","angiosperm","tree","evergreen","tropical","humid",1.294,"opt","2/11/11","9:52:17","Jeff Kelly","rainforest","spp3_top_wet","Daintree rainforest canopy crane_QLD_AU",80.5255661,28.18119812,29.59930992,370.2943726,1322.081177,100.1888351,-9999,2.79106805,-9999,-9999,-16.1,145.45,-9999,-9999,-9999,"top canopy",-9999,-9999,"Licor 6400","WET","ambient","-9999","field","none","DAINTREE STOMATAL SET","spot measurements",-9999,-9999,0.277940024,14.07878178,1.075127597,276.0260735,"Elaeocarpus grandis",1000000175
"165",3340,"C3","angiosperm","tree","evergreen","tropical","humid",1.294,"opt","2/11/11","9:56:37","Jeff Kelly","rainforest","spp3_top_wet","Daintree rainforest canopy crane_QLD_AU",81.05617523,28.37913513,30.24508476,367.778595,1148.710327,100.1917877,-9999,2.626100218,-9999,-9999,-16.1,145.45,-9999,-9999,-9999,"top canopy",-9999,-9999,"Licor 6400","WET","ambient","-9999","field","none","DAINTREE STOMATAL SET","spot measurements",-9999,-9999,0.235180199,15.4512718,1.276198812,248.4388711,"Elaeocarpus grandis",1000000175
"166",3341,"C3","angiosperm","tree","evergreen","tropical","humid",1.294,"opt","2/11/11","13:57:00","Jeff Kelly","rainforest","spp3_top_wet","Daintree rainforest canopy crane_QLD_AU",73.32611084,29.31604195,31.79692459,376.3831482,1721.885864,100.0487518,-9999,2.631454794,-9999,-9999,-16.1,145.45,-9999,-9999,-9999,"top canopy",-9999,-9999,"Licor 6400","WET","ambient","-9999","field","none","DAINTREE STOMATAL SET","spot measurements",-9999,-9999,0.156427678,14.72213505,1.717098633,209.6093554,"Elaeocarpus grandis",1000000175
"167",3342,"C3","angiosperm","tree","evergreen","tropical","humid",1.294,"opt","2/11/11","13:59:51","Jeff Kelly","rainforest","spp3_top_wet","Daintree rainforest canopy crane_QLD_AU",70.53901672,29.22205544,31.88574219,385.2897034,1227.109131,100.0437469,-9999,1.3563767,-9999,-9999,-16.1,145.45,-9999,-9999,-9999,"top canopy",-9999,-9999,"Licor 6400","WET","ambient","-9999","field","none","DAINTREE STOMATAL SET","spot measurements",-9999,-9999,0.071734158,9.214889057,1.870712744,166.2725696,"Elaeocarpus grandis",1000000175
"168",3343,"C3","angiosperm","tree","evergreen","tropical","humid",1.294,"opt","2/11/11","14:07:18","Jeff Kelly","rainforest","spp3_top_wet","Daintree rainforest canopy crane_QLD_AU",74.79549408,29.6425972,31.11079216,378.7556458,1325.86145,100.0407257,-9999,2.564731476,-9999,-9999,-16.1,145.45,-9999,-9999,-9999,"top canopy",-9999,-9999,"Licor 6400","WET","ambient","-9999","field","none","DAINTREE STOMATAL SET","spot measurements",-9999,-9999,0.186703293,14.4871978,1.418167267,239.6182927,"Elaeocarpus grandis",1000000175
"169",3344,"C3","angiosperm","tree","evergreen","tropical","humid",1.294,"opt","2/11/11","14:11:21","Jeff Kelly","rainforest","spp3_top_wet","Daintree rainforest canopy crane_QLD_AU",73.35770416,29.75894356,29.13282394,385.1016235,301.6764526,100.0368652,-9999,2.054763305,-9999,-9999,-16.1,145.45,-9999,-9999,-9999,"top canopy",-9999,-9999,"Licor 6400","WET","ambient","-9999","field","none","DAINTREE STOMATAL SET","spot measurements",-9999,-9999,0.222002005,9.844764669,0.970433347,303.395174,"Elaeocarpus grandis",1000000175
"170",3345,"C3","angiosperm","tree","evergreen","tropical","humid",1.294,"opt","2/11/11","14:13:14","Jeff Kelly","rainforest","spp3_top_wet","Daintree rainforest canopy crane_QLD_AU",71.0328064,29.70638657,29.39684296,390.7673035,275.4775391,100.0336151,-9999,1.183093518,-9999,-9999,-16.1,145.45,-9999,-9999,-9999,"top canopy",-9999,-9999,"Licor 6400","WET","ambient","-9999","field","none","DAINTREE STOMATAL SET","spot measurements",-9999,-9999,0.104275248,5.793016657,1.139404806,292.3570938,"Elaeocarpus grandis",1000000175
"171",3346,"C3","angiosperm","tree","evergreen","tropical","humid",1.294,"opt","4/11/11","10:27:39","Jeff Kelly","rainforest","spp3_top_wet","Daintree rainforest canopy crane_QLD_AU",73.59731293,27.36202621,27.37948036,385.6674194,590.9996948,100.2134018,-9999,2.160046203,-9999,-9999,-16.1,145.45,-9999,-9999,-9999,"top canopy",-9999,-9999,"Licor 6400","WET","ambient","-9999","field","none","DAINTREE STOMATAL SET","spot measurements",-9999,-9999,0.236307739,9.410455664,0.969014434,311.4058777,"Elaeocarpus grandis",1000000175
"172",3347,"C3","angiosperm","tree","evergreen","tropical","humid",1.294,"opt","4/11/11","10:30:20","Jeff Kelly","rainforest","spp3_top_wet","Daintree rainforest canopy crane_QLD_AU",72.61577606,27.53613091,28.34126854,384.11203,920.1793213,100.2159729,-9999,2.018127702,-9999,-9999,-16.1,145.45,-9999,-9999,-9999,"top canopy",-9999,-9999,"Licor 6400","WET","ambient","-9999","field","none","DAINTREE STOMATAL SET","spot measurements",-9999,-9999,0.175860964,10.71807967,1.188988308,274.4509229,"Elaeocarpus grandis",1000000175
"173",3348,"C3","angiosperm","tree","evergreen","tropical","humid",1.294,"opt","4/11/11","10:33:02","Jeff Kelly","rainforest","spp3_top_wet","Daintree rainforest canopy crane_QLD_AU",77.48357391,27.6806469,28.98378181,381.1131592,1190.751465,100.2154083,-9999,2.472152691,-9999,-9999,-16.1,145.45,-9999,-9999,-9999,"top canopy",-9999,-9999,"Licor 6400","WET","ambient","-9999","field","none","DAINTREE STOMATAL SET","spot measurements",-9999,-9999,0.230382707,12.26777839,1.131921506,283.1955197,"Elaeocarpus grandis",1000000175
"174",3349,"C3","angiosperm","tree","evergreen","tropical","humid",1.294,"opt","4/11/11","10:35:39","Jeff Kelly","rainforest","spp3_top_wet","Daintree rainforest canopy crane_QLD_AU",77.63180542,27.76341248,29.29847336,380.2503357,1183.977051,100.2129593,-9999,2.425281244,-9999,-9999,-16.1,145.45,-9999,-9999,-9999,"top canopy",-9999,-9999,"Licor 6400","WET","ambient","-9999","field","none","DAINTREE STOMATAL SET","spot measurements",-9999,-9999,0.214331334,13.04509763,1.186145256,269.5707417,"Elaeocarpus grandis",1000000175
"175",3350,"C3","angiosperm","tree","evergreen","tropical","humid",1.294,"opt","4/11/11","10:38:46","Jeff Kelly","rainforest","spp3_top_wet","Daintree rainforest canopy crane_QLD_AU",76.5263443,28.21805382,29.2693615,380.9698181,1117.413574,100.2111969,-9999,2.441996635,-9999,-9999,-16.1,145.45,-9999,-9999,-9999,"top canopy",-9999,-9999,"Licor 6400","WET","ambient","-9999","field","none","DAINTREE STOMATAL SET","spot measurements",-9999,-9999,0.22460783,12.49301783,1.143713646,279.1060827,"Elaeocarpus grandis",1000000175
"176",3351,"C3","angiosperm","tree","evergreen","tropical","humid",1.294,"opt","4/11/11","14:27:30","Jeff Kelly","rainforest","spp3_top_wet","Daintree rainforest canopy crane_QLD_AU",60.08039856,29.35707855,29.91240501,385.4066162,1076.314209,100.0863495,-9999,2.67666455,-9999,-9999,-16.1,145.45,-9999,-9999,-9999,"top canopy",-9999,-9999,"Licor 6400","WET","ambient","-9999","field","none","DAINTREE STOMATAL SET","spot measurements",-9999,-9999,0.154943131,11.40300184,1.772384707,252.272836,"Elaeocarpus grandis",1000000175
"177",3352,"C3","angiosperm","tree","evergreen","tropical","humid",1.294,"opt","4/11/11","14:29:23","Jeff Kelly","rainforest","spp3_top_wet","Daintree rainforest canopy crane_QLD_AU",61.2623291,29.34053421,29.61351585,385.9601746,1027.658813,100.084259,-9999,3.126504165,-9999,-9999,-16.1,145.45,-9999,-9999,-9999,"top canopy",-9999,-9999,"Licor 6400","WET","ambient","-9999","field","none","DAINTREE STOMATAL SET","spot measurements",-9999,-9999,0.196967831,10.73278286,1.653979561,283.9551609,"Elaeocarpus grandis",1000000175
"178",3353,"C3","angiosperm","tree","evergreen","tropical","humid",1.294,"opt","4/11/11","14:32:00","Jeff Kelly","rainforest","spp3_top_wet","Daintree rainforest canopy crane_QLD_AU",59.00736618,29.46619797,29.14430618,388.7909546,501.6964417,100.0912094,-9999,2.520337344,-9999,-9999,-16.1,145.45,-9999,-9999,-9999,"top canopy",-9999,-9999,"Licor 6400","WET","ambient","-9999","field","none","DAINTREE STOMATAL SET","spot measurements",-9999,-9999,0.160361586,8.73323381,1.617558775,288.0078617,"Elaeocarpus grandis",1000000175
"179",3354,"C3","angiosperm","tree","evergreen","tropical","humid",1.294,"opt","4/11/11","14:34:10","Jeff Kelly","rainforest","spp3_top_wet","Daintree rainforest canopy crane_QLD_AU",59.73103333,29.46155548,29.21676064,386.4229736,728.336792,100.0896301,-9999,2.805010457,-9999,-9999,-16.1,145.45,-9999,-9999,-9999,"top canopy",-9999,-9999,"Licor 6400","WET","ambient","-9999","field","none","DAINTREE STOMATAL SET","spot measurements",-9999,-9999,0.181164309,10.64009865,1.605336429,278.0194704,"Elaeocarpus grandis",1000000175
"180",3355,"C3","angiosperm","tree","evergreen","tropical","humid",1.294,"opt","4/11/11","14:36:30","Jeff Kelly","rainforest","spp3_top_wet","Daintree rainforest canopy crane_QLD_AU",58.97002029,29.55807686,30.26346588,386.267334,1128.36499,100.0912704,-9999,2.637945113,-9999,-9999,-16.1,145.45,-9999,-9999,-9999,"top canopy",-9999,-9999,"Licor 6400","WET","ambient","-9999","field","none","DAINTREE STOMATAL SET","spot measurements",-9999,-9999,0.143618482,10.96767674,1.876035808,248.4269106,"Elaeocarpus grandis",1000000175
