"","studyName","lai","light","age","a.lf","a.ssba","a.ssbh","a.ssbc","a.shba","a.shbh","a.shbc","a.sbba","a.sbbh","a.sbbc","a.stba","a.stbh","a.stbc","a.cp","a.cs","h.t","h.c","d.ba","d.bh","d.cr","c.d","m.lf","m.ss","m.sh","m.sb","m.st","m.so","m.br","m.rf","m.rc","m.rt","m.to","a.ilf","ma.ilf","r.st","r.ss","r.sb","r.sh","n.lf","n.ss","n.sb","n.sh","n.rf","n.rc"
"1","Abe1981","","","","","","","","","","",NA,"",NA,"","","?","","","?","?","?","d3","","","m4,x1","","","","e2,m4","m4","m4","","","","","","","","","","","","","","","",""
"2","Aiba2005","","","","a1","","","","","","",NA,"",NA,"","","","f","","?","","d1,f","","","?","m3,x6","","","","m3","","m3","","","m3","","a1","","","","","","","","","","",""
"3","Aiba2007","","","","a1","","","","","","",NA,"",NA,"","","","?","","?","?","?","","","","m3,x6","","","","mx","","m3","","","m3","","a1","","","","","","","","","","",""
"4","Albrektson1984","","","?","","","?","","","?","",NA,"",NA,"","?","","?","","?","?","","","","","m4,x1","","","","m4","","m4","","","m4","","","","","","","","","","","","",""
"5","Ando1962","","","?","","","","","","","",NA,"",NA,"","","","","","?","?","","d3","","","m4","","","","e2,m4","m4","m4","","","","","","","","","","","","","","","",""
"6","Ando1973","","","?","","","","","","","",NA,"",NA,"","","","","","?","?","","d3","","","mx","","","","mx","mx","mx","","","mx","mx","","","","","","","","","","","",""
"7","Ando1988","","","","","","","","","","",NA,"",NA,"","","?","","","?","?","?","d3","","","m4,x1","","","","e2,m4","m4","m4","","","","","","","","","","","","","","","",""
"8","Aspinwall2013","","",NA,"a4","","","","","","",NA,"",NA,"","","","","","c, p3","","p2, d1, f","p2, d3, f","","","e2, m3","","","","m3","m3","e2, m3","m3",NA,"m3","x7, m3","","a1, a4","","","","","","","","","",""
"9","Baltzer2007","","","k3","a1,x6","","","","","","",NA,"",NA,"","","","","","d7,p3","","d1,f","","","","m3,x6","","","","m3","","","","","m3","","a1","m3,x1","","","","","","","","","",""
"10","Baraloto2006","","","","a1","","","","","","",NA,"",NA,"","","","","","?","","?","","","","m2,x6","","","","m2","","","","","m2","","","m2,a1,x6","","","","","","","","","",""
"11","Battaglia1998","","","","k3","","p1","p1","","p1","p1",NA,"",NA,"","","p1","","","p3","p3","p1","p1","","","","","","","","","","","","","","","k3","","","","","","","","","",""
"12","BondLamberty2002","","",NA,"","","v4","","","","",NA,"",NA,"","","","","","?","","p1,p3","p1,p3","","","m3","","","","","","","","r1","","","","","","","","","","","","","",""
"13","Brown1978","","","?","?","","","","","","",NA,"",NA,"","?","","?","","?","?","","?","?","","?","","","","?","","?","","","","","","","","","","","","","","","",""
"14","Burger1953","","","?","a5","","","","","","",NA,"",NA,"","","","","","?","?","","?","?","","?","","","","","","?","","","","","","","","","","","","","","","",""
"15","Camac0000","","","","","","","","","","",NA,"",NA,"","","","","","d7,p2","","d1,p2","","","","m3","","","","m3","m3","","","","","","","","","","","","","","","","",""
"16","Claveau2002","","?","?","","","","","","","",NA,"",NA,"","","","","","?",NA,"d4","","f,f","?","","","","","","","","","","","","","","","","","","","","","","",""
"17","Claveau2005","","?","?","e1,a7","","","","","","",NA,"",NA,"","","","","","?","","d4","","","","m3,x6","","","","m3","m3","m3","","","","","","m3,x1","","","","","","","","","",""
"18","Coll2008","","","","","","","","","","",NA,"",NA,"","","","","","?","","v3","","","","mx","","","","mx","mx","mx","","","mx","mx","?","?","","","","","","","","","",""
"19","Dannoura2006","","","?","","","","","","","",NA,"",NA,"","","","","","?","","?","d3","","","","","","","","m4","","","","m4","m4","","","","","","","","","","","",""
"20","Delagrange0000a","","?","","?","","","","","","",NA,"",NA,"","","","","","?","?","?","","?","","?","","","","?","","","","","?","","","?","","","","","","","","","",""
"21","Delagrange0000b","","?","?","?","","","","","","",NA,"",NA,"","","","","","?","?","?","","?","","?","","","","?","","?","?","?","?","","","?","","","","","","","","","",""
"22","Delagrange2004","","l4","?","e1","","","","","","",NA,"",NA,"","","","","","?","?","?","","?","","m3,x6","","","","m3","","m3","m3","m3","m3","","","m3,x1","?","","","","?","","","","",""
"23","Domec2012","?","?","?","a4,a7,e1,k4","","j","","","?","",NA,"",NA,"","?","","?","?","?","?","","","","","m3,x1","?","?","?","?","","?","?","?","?","","a1,x1","m3,a4,a7,x1","?","?","?","?","?","?","?","?","?","?"
"24","Epron2011","?","?","?","e1",NA,"?",NA,NA,"?",NA,NA,"?",NA,NA,"?",NA,NA,NA,"?","?",NA,"?","?",NA,"m3,x1",NA,NA,"mx","mx",NA,"mx","","mx",NA,NA,NA,NA,NA,NA,NA,NA,"x1","?","?",NA,"x4",NA
"25","Fatemi2011","","","?","x1,k3","","","","","","",NA,"",NA,"","","","","","?","","d4","d3","","","m3","","","m3,j","","m3,j","m3,j","","","","","","","","","","","","","","","",""
"26","FLFU1963","","","?","e1","","","","","","",NA,"",NA,"","","?","","","?","?","","d3","","","mx","","","","mx","mx","mx","","","mx","mx","","","","","","","","","","","",""
"27","FLFU1965","","","?","e1","","","","","","",NA,"",NA,"","","?","","","?","?","","d3","","","mx","","","","mx","mx","mx","","","","","","","","","","","","","","","",""
"28","Furuno1967","","","","","","","","","","",NA,"",NA,"","","","","","?","","","d3","","","mx","","","","mx","mx","mx","","","","","","","","","","","","","","","",""
"29","Garber2005","","","?","a4,a5,e1","","?","?","","","",NA,"",NA,"","?","","?","?","?","?","","?","?","","m3,x1","","","","","","?","","","","","","","","","","","","","","","",""
"30","Gargaglione2010","","","?","","","","","","","",NA,"",NA,"","","","","","?","","","?","","","m3,x1","?","?","?","?","","?","?","?","?","","","","","","","","","?","?","?","?","?"
"31","Ghannoum2010a","","","","a1","","","","","","",NA,"",NA,"","","","","","?","","d1,f","","","","m4,x6","","","","m3","","","","","m3","","","m4,a1,x6","","","","","","","","","",""
"32","Ghannoum2010b","","","","a1","","","","","","",NA,"",NA,"","","","","","?","","d1,f","","","","m4,x6","","","","m3","","","","","m3","","","m4,a1,x6","","","","","","","","","",""
"33","Goto2003","","","?","a1,e1,a4","","","","","","",NA,"",NA,"","","?","","","?","?","?","d3","","","m4","","","","m4","m4","m4","","","m4","m4","","","","","","","","","","","",""
"34","Hagihara1993","","","?","e1,a4","","","","","","",NA,"",NA,"","","","","","?","?","d4","d3","","","m4,x1","","","","m4","","m4","","","m4","","","","","","","","","","","","",""
"35","Hamilton2005","","","","","","","","","","",NA,"",NA,"","","","","","?","","","d3","?","","m4,x1","","","m4","","","m4","","","","m4","","","","","","","","","","","",""
"36","Harada1972","","","?","","","","","","","",NA,"",NA,"","","","","","?","?","","d3","","","mx,x1","","","","mx,e2","mx","mx","","","mx","mx","","","","","","","","","","","",""
"37","Harja2012","","l7","","","","","","","","",NA,"",NA,"","","","","","?","?","","?","f","","","","","","","","","","","","","","","?","","","","","","","","",""
"38","Haruki1979","","","","","","","","","","",NA,"",NA,"","","","","","?","","?","d3","","","m4,x1","","","","e2,m4","m4","m4","","","","","","","","","","","","","","","",""
"39","Hashizume1980","","","?","","","","","","","",NA,"",NA,"","","","","","?","?","","d3","","","mx,x1","","","","mx","mx","mx","","","","","","","","","","","","","","","",""
"40","Hashizume1985","","","?","","","","","","","",NA,"",NA,"","","","","","?","?","","d3","?","","m4","","","","m4","m4","m4","","","","","","","","","","","","","","","",""
"41","Holdaway2008","","","k1","a1,e3","","","","","","",NA,"",NA,"?","?","","","","d7,p3","","d2,p2","p1,p3","","","m3,x6","","","","","","","","","","","a1,e3","m3,a1,x6","","","","","","","","","",""
"42","Iijima1991","","","?","e1,a4","","","","","","",NA,"",NA,"","","?","","","?","?","","d3","","","m4","","","","m4","m4","m4","","","","","","","","","","","","","","","",""
"43","Ikushima1964","","","","?","","","","","","",NA,"",NA,"","","","","","","","","d3","","","mx","","","","","mx","","","","","","","","","","","","","","","","",""
"44","Ilomaki2003","","","","","","","","","","",NA,"",NA,"","","","","","c,d7,p3","c,d7,p3","","d3","","","m3,x1","","","","j,m3","","k4,x1,m3","","","","","","","","","","","","","","","",""
"45","Ishii2000","","","","?","","","","","","",NA,"",NA,"","","","","","?","","","d3","","","mx,x1","","","","mx","mx","mx","","","","","","","","","","","","","","","",""
"46","Kabaya1968","","","","","","","","","","",NA,"",NA,"","","","","","?","","","d3","","","mx","","","","mx","mx","mx","","","","","","","","","","","","","","","",""
"47","Kabaya1981","","","?","","","","","","","",NA,"",NA,"","","","","","?","","?","d3","","","m4","","","","m4","m4","m4","","","m4","m4","","","","","","","","","","","",""
"48","Kantola2004","","","n1","e1,a5","","","","","","",NA,"",NA,"","d3","","f","","c,d7,p3","c,d7,p3","","d3","d1,f","","m3,x1,k4","","","","v1","","m3,x1,k4","","","","","","","","","","","","","","","",""
"49","Karizumi1984","","","?","","","","","","","",NA,"",NA,"","","","","","?","","","d3","","","mx","","","","mx","mx","mx","","","mx","mx","","","","","","","","","","","",""
"50","Katagiri1984","","","?","","","","","","","",NA,"",NA,"","","","","","?","","","d3","","","mx","","","","mx","mx","mx","","","","","","","","","","","","","","","",""
"51","Katakura2007","","","","","","","","","","",NA,"",NA,"","","","","","?","?","","d3","","","m4","","","","m4","m4","m4","","","m4","m4","","","","","","","","","","","",""
"52","Kato1973","","","?","?","","","","","","",NA,"",NA,"","","","","","?","?","","d3","","","m4,x1","","","","m4","m4","m4","","","m4","m4","","","","","","","","","","","",""
"53","Kawahara1981","","","","","","","","","","",NA,"",NA,"","","","","","?","","","d3","","","mx","","","","mx","mx","mx","","","","","","","","","","","","","","","",""
"54","Kawanabe1977","","","?","?","","","","","","",NA,"",NA,"","","?","","","?","?","","d3","","","mx","","","","mx","mx","mx","","","","","","","","","","","","","","","",""
"55","Kelly0000a","","","","a1,x7,x1","","","","","","",NA,"",NA,"","","","","?","m3","","","","?","","","","","","","","","","","","","ax1,1","","","","","","","","","","",""
"56","Kelly0000b","","","","a1,x7,x1","","","","","","",NA,"",NA,"","","","","","?","","?","","f","","m3","","","","m3","m3","","m3","m3","m3","m3","","","","","","","","","","","",""
"57","Kenzo2009","","l4","","","","","","","","",NA,"",NA,"","","","","",NA,NA,"d1,f","d3","","","m3,x1","","","","m4,x1","","","m4,x1","m4,x1","m4,x1","","","m3,x1","?","","","","m3","m3","","","m3","m3"
"58","Kenzo2009b","","","","","","","","","","",NA,"",NA,"","","","","",NA,NA,"d1,f","d3","","","m3,x1","","","","m4,x1","","m4,x1","","","m4,x1","","","m3,x1","?","","","","","","","","",""
"59","King1994","","l2","","a3","","","","","","",NA,"",NA,"","","","","","d7,p3","","","","","","m3,x1","","","","x8","","","","","","","a3","","","","","","","","","","",""
"60","King1996","","","","","","","","","","",NA,"",NA,"","","","","","p4","d6","d4,v3,x1","","f,d1,f","d8","","","","","","","","","","","","","","","","","","","","","","",""
"61","Kitazawa1959","","","","e1","","","","","","",NA,"",NA,"","","","","","?","","","d3","","","mx,x1","","","","","mx,x1","","","","","","","","","","","","","","","","",""
"62","Kohyama0000","","","","","","","","","","",NA,"",NA,"","","","","","?","","","","?","","m4","","","","m4","","","","","m4","","","","","","","","","","","","",""
"63","Kohyama1987","","","","e1","","","","","","",NA,"",NA,"","","","","","?","?","",NA,"f","","m4,x6","","","","m4","","m4","","","","","","","","","","","","","","","",""
"64","Kohyama1990","","","","e1","","","","","","",NA,"",NA,"","","","f","","?","?","",NA,"","","m4,x6","","","","m4","m4","m4","","","","","","m4,a1,x1","","","","","","","","","",""
"65","Kohyama1994","","","","a1,a4","","","","","","",NA,"",NA,"","","","","","?","","","","?","","m4,x6","","","","m4","","","","","m4","","","m4,a1,x6","","","","","","","","","",""
"66","Komiyama2002","","","","e1,x1","","","","","","",NA,"",NA,"","","?","","","?","?","","d3","","","m4","","","","m4","m4","m4","","","","","","","","","","","","","","","",""
"67","Komiyama2003","","","?","","","","","","","",NA,"",NA,"","","?","","","?","?","?","d3","","","","","","","","m4","","","","m4","m4","","","","","","","","","","","",""
"68","leMaire2011","k3","?","k1","e1","d1","","","","","",NA,"",NA,"","v3","","","","x6","x6","","","v6","","m3,x6,x1","","","","","","m3","","","","","","m3,x1","j,k3","","","","","","","","",""
"69","Lewis2013","","","","a1,x7,x1","","","","","","",NA,"",NA,"","","","","","","","","","","","m3","","","","m3","","","","","m3","","","?","","","","","","","","","",""
"70","Lusk0000a","","","","?","","","","","","",NA,"",NA,"","","","?","?","?","?","d1,f","","","","mx","","","","mx","","","","","mx","","?","","","","","","","","","","",""
"71","Lusk0000b","","","","?","","","","","","",NA,"",NA,"","","","?","?","?","?","d1,f","","","","mx","","","","mx","","","","","mx","","?","","","","","","","","","","",""
"72","Lusk2002","","","","a1,x6","","","","","","",NA,"",NA,"","","","?","?","?","?","?","","","","m3,x6","","","","mx","","","","","mx","","","","","","","","","","","","",""
"73","Lusk2004","","","","a1,x6","","","","","","",NA,"",NA,"","","","?","?","?","?","?","","","","m3,x6","","","","mx","","","","","mx","","","","","","","","","","","","",""
"74","Lusk2011","","","","a1,x6","","","","","","",NA,"",NA,"","","","?","?","?","?","d1,f","","","","m3,x6","","","","mx","","","","","mx","","?","","","","","","","","","","",""
"75","Lusk2012","","","","a4","","","","","","",NA,"",NA,"","","","?","?","?","?","d1,f","","","","m3,x6","","","","mx","","","","","mx","","?","","","","","","","","","","",""
"76","Lusk2013","","","","?","","","","","","",NA,"",NA,"","","","?","?","?","?","d1,f","","","","mx","","","","mx","","","","","mx","","?","","","","","","","","","","",""
"77","Maguire1998","","","?","a4,k4","","","","","","",NA,"",NA,"","?","","?","?","?","?","","?","?","","m3,x1,k4","","","","?","","?","","","","","","","","","","","","","","","",""
"78","Markesteijn2009","","l6","","e1","","","","","","",NA,"",NA,"d4","","d6","","","","d6","","","","","m3,x1","","","","m3","m3","m3","m3","m3","m3","m3","x1","m3,a1,x6","v1,v5","","","","","","","","",""
"79","Martin1998","","","?","e1","","j","","","","",NA,"",NA,"","","","","","?","","","?","","","m3,x1","m3","m3","m3","m3","m3","","","","","","","m3,a1,x1","?","","","","?","?","?","?","",""
"80","McCulloh2010","","","","a1,a4,e1,x1","d2,j","","","","","",NA,"",NA,"","","","","","d7","","d2,j","","","","","","","","","","","","","","","","","","","","","","","","","",""
"81","Mokany2003","","","n1","e1,k4","j","","","a2","","",NA,"",NA,"v3","","","","","c,d7,p3","c,d7,p3","","","","","m4,x6","","","","","","","","","","","","","","","","","","","","","",""
"82","Monserud1999","","","?","a4,e1","","?","?","","","",NA,"",NA,"","?","","?","?","?","?","","?","?","","m3,x1","","","","?","","?","","","","","","","","","","","","","","","",""
"83","Mori1979","","","?","","","","","","","",NA,"",NA,"","","","","","?","?","","d3","","","mx","","","","mx","mx","mx","","","","","","","","","","","","","","","",""
"84","Mori1991","","","","e1,a4","","","","","","",NA,"",NA,"","","","f","","?","","","?","?","","m5,x1","","","","mx","","mx","","","mx","","","","","","","","","","","","",""
"85","Morisawa1957","","","","e1,x2","","","","","","",NA,"",NA,"","","","?","","?","?","","d3","","","x2,m3","","","","","","","","","","","","","","","","","","","","","",""
"86","Muro2006","","","","","","","","","","",NA,"",NA,"","","","","","","","","d3","","","","","","","","","","","","m4","","","","","","","","","","","","",""
"87","Myster2009","","","","a1","","","","","","",NA,"",NA,"","","","","","?","","","","","","m1","","","","m1","","","","","m1","","","","","","","","","","","","",""
"88","Naidu1998","","","","","","?","?","","","",NA,"",NA,"","","","","","?","","","d3","","","m3,x1","j","","","j","?","j","","","?","?","","","","","","","","","","","",""
"89","Nakagaki1983","","","?","e1,a4","","","","","","",NA,"",NA,"","","?","","","?","?","","d3","","","m4","","","","m4","m4","m4","","","m4","m4","","","","","","","","","","","",""
"90","Nishioka1982","","","","e1,a4,x1","","","","","","",NA,"",NA,"","","?","","","?","?","?","d3","","","m4,x1","","","","e2,m4,j","m4","e2,m4","","","","","","","","","","","","","","","",""
"91","Nouvellon2010","?","?","?","e1","","","","","","",NA,"",NA,"","?","","","","?","?","","","","","m3,x1","","","m3","m3","","m3","","","","","x1","m3,x1","","","","","","","","","",""
"92","OGrady2000","","","","l1","","","","","","",NA,"",NA,"","","","","","","","","d3","","","mx","","","","mx","mx","","","","","","","","","","","","","","","","",""
"93","OGrady2006","","","","a1,x1,e1","?","?","","","","",NA,"",NA,"","","","","","?","","?","?","","","m3,x1","","","","m3","","m3","m3","m3","","","","","","","","","","","","","",""
"94","OHara1995","","","","e1,a5","","j","","","","",NA,"",NA,"","","","","","c,d7,p3","c,d7,p3","","c,d7,p3","","","","","","","","","","","","","","","","","","","","","","","","",""
"95","OHara2014","","","","a1,e1,a4","j","j","j","","","",NA,"",NA,"j","","","","","c,d7,p3","c,d7,p3","c,d7,p3","c,d7,p3","","","","","","","","","","","","","","","","","","","","","","","","",""
"96","Ohtsuka2005","","","?","","","","","","","",NA,"",NA,"","","","","","?","","","d3","","","","","","","j,e2,m4","","m4","","","m4","","","","","","","","","","","","",""
"97","Osada0000","?","l5","","?","","","","","","",NA,"",NA,"","","","?","","?","","?","?","","?","?","","","","?","","","","","","","?","?","","","","","","","","","",""
"98","Osada2003","?","l5","","a1,x1","","","","","","",NA,"",NA,"","","","?","","?","","?","?","","?","m3,x1","","","","?","","","","","","","a1","m3,a1,x1","","","","","","","","","",""
"99","Osada2005","?","l5","","a1,x1,e1","","","","","","",NA,"",NA,"","","","f","","?","","?","?","","?","m3,x1","","","","?","","","","","","","a1,x1","?","","","","","","","","","",""
"100","Osunkoya2007","","","","","","","","","","",NA,"",NA,"","","","f","","p4","","","d3","f","?","","","","","","","","","","","","","","","","","","","","","","",""
"101","Parviainen1999","","","n1","","","","","","","",NA,"",NA,"","","","","","c,d7,p3","c,d7,p3","","d3","f","","k4,m3","","","","v1,j","","k4,m3","","","","","","","","","","","","","","","",""
"102","Peri0000","x1","","","a1","","","","","","",NA,"",NA,"","","","f","","x1","","","","","","m3","","","","m3","","m3","m3","m3","m3","",NA,"","","","","","x1","x1","","","x1","x1"
"103","Peri2008","x1","","","a1","","","","","","",NA,"",NA,"","","","f","","x1","","","","","","m3","","","","m3","","m3","m3","m3","m3","",NA,"","","","","","x1","x1","","","x1","x1"
"104","Peri2011","x1","","","a1","","","","","","",NA,"",NA,"","","","f","","x1","","","","","","m3","","","","m3","","m3","m3","m3","m3","",NA,"","","","","","x1","x1","","","x1","x1"
"105","Petritan2009","?","l2","","a1,x1,e1","","","","","","",NA,"",NA,"?","","","f","","?","?","","","","?","","","","","","","","","","","","a1,x1","m3,a1,x1","","","","","","","","","",""
"106","Poorter1999","","l4","?","a1","","","","","","",NA,"",NA,"","","","?","","?","","d4","","f","?","m3","","","","m3","m3","m3","","","m3","m3","a1","m3,a1","?","","","","","","","","",""
"107","Portsmuth2005","","","","a3,a5,x1","","","","","","",NA,"",NA,"","","","","","?","","?","","","","m4,x6","","","","m4","m4","","m4","m4","m4","m4","","a3,a4,m4,x1","","","","","m4","","","","","m4"
"108","Portsmuth2006","","?","","a1,x6","","","","","","",NA,"",NA,"","","","","","?","","?","","","","m4,x6","","","","m4","m4","","m4","m4","m4","m4","","a1,m4,x6","","","","","m4","","","","",""
"109","Reid2004","?","","?","e1,a1,a4,x1","","?","","","","",NA,"",NA,"","?","","","","?","?","","?","?","","m4,x1","","","","","","","","","","","","","","","","","","","","","",""
"110","Ribeiro2011","","","","","","","","","","",NA,"",NA,"","","","","","?","","","v3","","","m3,x1","","","","m4","","","","","","","","","m4","","","","","","","","",""
"111","Roberts2003","","","","a4","","","","","","",NA,"",NA,"","","","","","d1,f","d1,f","","d3","x2","","m4,x1","","","","e2","","e2","","","","","","","","","","","","","","","",""
"112","Roberts2004","","","","a4","","","","","","",NA,"",NA,"","","","","","d1,f","d1,f","","d3","x2","","m4,x1","","","","e2","","e2","","","","","","","","","","","","","","","",""
"113","Rodriguez2003","","","","","","j","","","","",NA,"",NA,"","","","","","c,d7,p3","","","d3","","","m4,x1","","","m4","m4","","m4","m4","m4","","","","","","","","","","","","","",""
"114","Roeh1997","","","","a4","","?","?","","","",NA,"",NA,"","","","","","?","","","?","","?","?","","","","","","","","","","","","","","","","","","","","","",""
"115","Roth2007","","","?","a5","","","","","","",NA,"",NA,"","","","","","?","?","?","?","?","","m3,x1","","","?","?","","?","","?","","","","?","","","","","","","","","",""
"116","Saito1981","","","?","","","","","","","",NA,"",NA,"","","","","","?","","","d3","","","m4,x1","","","","j,m4,e2","m4","m4","","","","","","","","","","","","","","","",""
"117","Salazar2010","","","","","","","","","","",NA,"",NA,"","","","","","?","","","?","","","m4","","","","m4","m4","m4","","","","","","","","","","","","","","","",""
"118","SaldanaAcosta2009","","l2","","","","","","","","",NA,"",NA,"","","","","","d7,p3","","","","","","m4,x6","","","","m4","","","","","m4","","","a1,m4,x6","","","","","","","","","",""
"119","SantaRegina0000","","","","","","","","","","",NA,"",NA,"","","","","","?","","","?","","","?","","","","?","","?","","","","","","","","","","","","","","","",""
"120","SantaRegina1999","","","","","","","","","","",NA,"",NA,"","","","","","?","","","?","","","m4,x1","","","","m4","m4","m4","","","","","","","","","","","","","","","",""
"121","Sato1971","","","","","","","","","","",NA,"",NA,"","","","","","?","?","","d3","","","mx","","","","mx","mx","mx","","","","","","","","","","","","","","","",""
"122","Satoo1968","","","","e1,x1","","","","","","",NA,"",NA,"","","","","","?","","","d3","","","m4,x1","","","","m4,v5","m4","m4","","","","","","","","","","","","","","","",""
"123","Satoo1974a","","","","e1,a4,x1","","","","","","",NA,"",NA,"","","","","","?","","","d3","","","mx,x1","","","","mx,j","mx","mx","","","","","","","","","","","","","","","",""
"124","Satoo1974b","","","","e1,x1","","","","","","",NA,"",NA,"","","","","","?","","","d3","","","mx","","","","mx","mx","mx","","","","","","","","","","","","","","","",""
"125","Satoo1974c","","","?","","","","","","","",NA,"",NA,"","","","","","?","","","d3","","","mx,x1","","","","j,mx,e2","mx","mx","","","","","","","","","","","","","","","",""
"126","Satoo1974d","","","","a4,e1,x1","","","","","","",NA,"",NA,"","","","","","?","","","d3","","","mx,x1","","","","mx,j,e2","mx","mx","","","mx","mx","","","","","","","","","","","",""
"127","Satoo1974e","","","?","","","","","","","",NA,"",NA,"","","","","","?","","","d3","","","mx,x1","","","","mx,j,v5","mx","mx","","","","","","","","","","","","","","","",""
"128","Segawa1969","","","?","e1,x1","","","","","","",NA,"",NA,"","","","","","?","?","","d1,f","","","m4,x1","","","","j,e2,m4","m4","m4","","","","","","","","","","","","","","","",""
"129","Segawa1973","","","","x1,e1","","","","","","",NA,"",NA,"","","","","","?","?","","d3","","","m4,x1","","","","j,m4,e2","m4","m4","","","","","","","","","","","","","","","",""
"130","Selaya2010","?","l3","?","e1,a1,x1","","","","","","",NA,"",NA,"","d4","","","","?","?","","","","","m3","","","","?","","b1","","","","","x2","a1,m3,x1","?","","","","x1","","","","",""
"131","Sillett2010","","","?","e1,a1,x1,a4","","","","","","",NA,"",NA,"","?","","","","?","","","","","","m3","","","","?","m3","","","","","","","","","","","","","","","","",""
"132","Singh1980","","","","","","","","","","",NA,"",NA,"","","","","","?","","","d3","","","m3","","","","e2,m3","m3","m3","","","m3","m3","","","","","","","","","","","",""
"133","Stancioiu2005","","","","a1,a4,x1","","j","j","","","",NA,"",NA,"","","","","","c,d7,p3","c,d7,p3","","j","","","m5","","","","","","","","","","","","","","","","","","","","","",""
"134","Sterck0000","","","","?","","","","","","",NA,"",NA,"","","","?","","?","","","","","?","","","","","","","","","","","","?","?","?","","","","","","","","",""
"135","Sterck2001","","l2","","a1,x1,x7","","","","","","",NA,"",NA,"","","","","","?","?","","?","?","","","","","","","","","","","","","?","?","","","","","","","","","",""
"136","Suzuki1990","","","","e1,x1","","","","","","",NA,"",NA,"","","","","","?","","","d3","","","m4,x1","","","","j,e2,m4","m4","m4","","","","","","","","","","","","","","","",""
"137","Suzuki2012","","","","","","","","","","",NA,"",NA,"","","","","","","","","d3","","","mx1,m4,1","","","","j,e2,m3,m4","m3,m4","m3,m4","","","m3,m4","m3,m4","","","","","","","","","","","",""
"138","Sweda2003","","","","","","","","","","",NA,"",NA,"","","","","","?","","","d3","","","mx","","","","mx","mx","mx","","","mx","mx","","","","","","","","","","","",""
"139","Tadaki1979","","","","","","","","","","",NA,"",NA,"","","","","","?","","","d3","","","mx","","","","mx","mx","mx","","","mx","mx","","","","","","","","","","","",""
"140","Tadaki1995","","","?","e1","","","","","","",NA,"",NA,"","","","","","?","","","d3","","","m4","","","","m4","m4","m4","","","m4","m4","","","","","","","","","","","",""
"141","Takagi2010","","","","","","","","","","",NA,"",NA,"","","","","","?","","","d3","?","","mx1,m4,1","","","","j,e2,m3,m4","m3,m4","m3,m4","","m3,m4","","m3,m4","","","","","","","","","","","",""
"142","Takahashi1999","","","?","a1,e1,x1","","","","","","",NA,"",NA,"","","?","?","","?","?","","d3","","","m4,x1","","","","j,e2,m4","m4","m4","","","m4","m4","","","","","","","","","","","",""
"143","Tanao1982","","","?","e1,a4","","","","","","",NA,"",NA,"","","?","","","?","?","","d3","","","m4","","","","m4","m4","m4","","","m4","m4","","","","","","","","","","","",""
"144","Tange1995","","","?","","","","","","","",NA,"",NA,"","","","","","?","","?","d3","","","m4,x1","","","","j,e2,m4","m4","m4","","","","","","","","","","","","","","","",""
"145","Tange2010","","","?","","","","","","","",NA,"",NA,"","","","","","?","?","","d3","","","m4","","","","j,e2,m4","m4","m4","","","","","","","","","","","","","","","",""
"146","Terashi1982","","","","e1","","","","","","",NA,"",NA,"","","","","","?","?","","d3","","","mx","","","","mx","mx","mx","","","","","","","","","","","","","","","",""
"147","Tissue0000a","","","","a1,x7,x1","","","","","","",NA,"",NA,"","","","","","","","","","","","m3","","","","m3","","","","","m3","","","","","","","","","","","","",""
"148","Tissue0000b","","","","a1,x7,x1","","","","","","",NA,"",NA,"","","","","","?","","","","","","m3","","","","m3","","","","","m3","","","","","","","","","","","","",""
"149","Tissue0000c","","","","a1,x7,x1,a4","","","","","","",NA,"",NA,"","","","","","","","","","","","m3","","","","m3","","","","","","","","?","","","","","?","","","","",""
"150","Utsugi0000","","","","","","","","","","",NA,"",NA,"","","","","","?","","","d3","","","x1,m3","","","","j,e2,m3","m3","m3","","","","","","","","","","","","","","","",""
"151","Utsugi2004","","","","","","","","","","",NA,"",NA,"","","","","","?","?","","d3","","","mx1,1","","","","j,e2,m3","m3","m3","","","","","","","","","","","","","","","",""
"152","Valladares2000","","","","a1,x1,k3","","","","","","",NA,"",NA,"","","","?","?","?","?","","","","","m3,x1","","","","","","","","","","?","?","a1,m3,x1,x3","x2","","","","","","","","",""
"153","vanBreugel2011","","","","","","","","","","",NA,"",NA,"","","","k3","","?","d6","v3","d3","","","m3,x1","","","","m3","m3","m3","","","","","","","","","","","","","","","",""
"154","Vanninen2005","","","n1","e1,a5","","","","","","",NA,"",NA,"","","","","","c,d7,p3","c,d7,p3","","d3","","","m4,x1,k4","j","j","","j,v2,v1","","k4","r1,m4","m4","","","","","","","","","","","","","",""
"155","Wang1995","","","","","","","","","","",NA,"",NA,"","","","","","?","","","?","","","m3,x1","","","m3","m3","m3","m3","","","","","","","","","","","","","","","",""
"156","Wang1996","","","","","","","","","","",NA,"",NA,"","","","","","?","","","?","","","m3,x1","","","m3","m3","m3","m3","","","","","","","","","","","","","","","",""
"157","Wang2000","","","","","","","","","","",NA,"",NA,"","","","","","?","?","?","?","","","m3,x1","","","m3","m3","","m3","m3","m3","","m3","","","","","","","","","","","",""
"158","Wang2011","","","?","a5","","","","","","",NA,"",NA,"","","","","","c,d7,p3","","c,d7,p3","","","","m3","","","","m3","","m3","","","","m3","","","","","","","","","","","",""
"159","Watanabe1984","","","?","e1,x1","","","","","","",NA,"",NA,"","","","","","?","","","d3","","","m4,x1","","","","e2,m4","m4","m4","","","","","","","","","","","","","","","",""
"160","Watanabe1985","","","?","e1,x1","","","","","","",NA,"",NA,"","","","","","?","","","d3","","","m4,x1","","","","m4","m4","m4","","","","","","","","","","","","","","","",""
"161","Wenk0000","","","n2","e1,b1","","","","","","",NA,"",NA,"d1,p2","","","","","p3","","d1,p2","","","","m3","","","","m3","m3","","","","","","x1,x8","m3,x1,x8","","","","","","","","","",""
"162","Whittaker1974","","","?","","","","","","","",NA,"",NA,"","","","","","?","","","d3","","","m4,x1,k4","","","","m4","m4","m4","","","m4","m4","","","","","","","","","","","",""
"163","Williams2005","","","","k1","","","","","","",NA,"",NA,"","","","","","?","?","","d3","","","m3,x1","","","m3","e2,m3,j","e2,m3,j","e2,m3,j","","","","","","","","","","","","","","","",""
"164","Ximenes2004","","","","","","","","","","",NA,"",NA,"","","","","","?","","","?","","","","","","?","","?","","","","","","","","","","","","","","","","",""
"165","Yamaba2007","","","?","","","","","","","",NA,"",NA,"","","","","","?","","","d3","","","m4,x1","","","","m4","m4","m4","","","m4","m4","","","","","","","","","","","",""
"166","Yamada1957","","","?","","","","","","","",NA,"",NA,"","","","","","?","?","","d3","","","mx","","","","mx","mx","mx","","","","","","","","","","","","","","","",""
"167","Yamada1996","","","","","","","","","","",NA,"",NA,"","","","?","","?","?","?","?","","","mx","","","","mx","mx","mx","","","","","","","","","","","","","","","",""
"168","Yamada2000","","","","","","","","","","",NA,"",NA,"","","","f","","?","?","?","?","","","m4","","","","m4","m4","m4","","","","","","","","","","","","","","","",""
"169","Yamaji1991","","","?","e1,a4","","","","","","",NA,"",NA,"","","?","","","?","?","","d3","","","m4","","","","m4","m4","m4","","","","","","","","","","","","","","","",""
"170","Yamakura1972","","","","","","","","","","",NA,"",NA,"","",NA,"","",NA,NA,NA,"d3","f","","m4,x1,x1","","","","m4,x1,j","m4,x1","m4,x1","","","m4,x1","m4,x1","","","","","","","","","","","",""
"171","Yamakura1986","","","","e1,a1,x1","","","","","","",NA,"",NA,"","","","","","?","?","d1,f","d3","?","","m4,x1","","","","m4","","m4","","","","","","","","","","","","","","","",""
"172","Yasui1970","","","?","","","","","","","",NA,"",NA,"","","","","","?","","","d3","","","m4,x1","","","","e2,m4,j","m4","m4","","","","","","","","","","","","","","","",""
"173","Yasui1971","","","","","","","","","","",NA,"",NA,"","","","","","?","","","d3","","","m4,x1","","","","e2,m4,j","m4","m4","","","","","","","","","","","","","","","",""
"174","Yasui1983","","","?","","","","","","","",NA,"",NA,"","","","","","?","","","d3","","","m4,x1","","","","e2,m4,j","m4","m4","","","","","","","","","","","","","","","",""
"175","Yi1989","","","","","","","","","","",NA,"",NA,"","","","","","?","","","d3","","","mx","","","","mx","mx","mx","","","","","","","","","","","","","","","",""
"176","Yoda1978","","","","a1,e1,a4,x1","","","","","","",NA,"",NA,"","","?","","","?","?","?","d3","","","x1,m4","","","","j,e2,m4","m4","m4","","","","","","","","","","","","","","","",""
