"","submit_name","submit_bety_id","submit_in_PFT","accept_name","accept_bety_id","accept_in_PFT","sourceid","score","authority","uri","case","use","proposed_bety_name","reviewed","bety_name"
"1","Albizia guachapele",1000020862,TRUE,"Albizia guachapele",1000020862,TRUE,"iPlant_TNRS",1,"(Kunth) Dugand","http://www.tropicos.org/Name/13002026",1,"submit","Albizia guachapele",TRUE,"Albizia guachapele"
"2","Alseis blackiana",49937,TRUE,"Alseis blackiana",49937,TRUE,"iPlant_TNRS",1,"Hemsl.","http://www.tropicos.org/Name/27903143",1,"submit","Alseis blackiana",TRUE,"Alseis blackiana"
"3","Anacardium excelsum",49943,TRUE,"Anacardium excelsum",49943,TRUE,"iPlant_TNRS",1,"(Bertero & Balb. ex Kunth) Skeels","http://www.tropicos.org/Name/1300302",1,"submit","Anacardium excelsum",TRUE,"Anacardium excelsum"
"4","Annona glabra",30111,TRUE,"Annona glabra",30111,TRUE,"iPlant_TNRS",1,"L.","http://www.tropicos.org/Name/1600683",1,"submit","Annona glabra",TRUE,"Annona glabra"
"5","Annona spraguei",49953,TRUE,"Annona spraguei",49953,TRUE,"iPlant_TNRS",1,"Saff.","http://www.tropicos.org/Name/1600100",1,"submit","Annona spraguei",TRUE,"Annona spraguei"
"6","Ardisia palmana",1000000871,TRUE,"Ardisia palmana",1000000871,TRUE,"iPlant_TNRS",1,"Donn. Sm.","http://www.tropicos.org/Name/22000607",1,"submit","Ardisia palmana",TRUE,"Ardisia palmana"
"7","Aspidosperma desmanthum",1000000969,TRUE,"Aspidosperma desmanthum",1000000969,TRUE,"iPlant_TNRS",1,"Benth. ex Müll. Arg.","http://www.tropicos.org/Name/1800106",1,"submit","Aspidosperma desmanthum",TRUE,"Aspidosperma desmanthum"
"8","Astronium graveolens",49993,TRUE,"Astronium graveolens",49993,TRUE,"iPlant_TNRS",1,"Jacq.","http://www.tropicos.org/Name/1300086",1,"submit","Astronium graveolens",TRUE,"Astronium graveolens"
"9","Balfourodendron riedelianum",1000020863,TRUE,"Balfourodendron riedelianum",1000020863,TRUE,"iPlant_TNRS",1,"(Engl.) Engl.","http://www.tropicos.org/Name/28101311",1,"submit","Balfourodendron riedelianum",TRUE,"Balfourodendron riedelianum"
"10","Bauhinia purpurea",19215,TRUE,"Bauhinia purpurea",19215,TRUE,"iPlant_TNRS",1,"L.","http://www.tropicos.org/Name/13047080",1,"submit","Bauhinia purpurea",TRUE,"Bauhinia purpurea"
"11","Blepharocalyx salicifolius",1000001544,TRUE,"Blepharocalyx salicifolius",1000001544,TRUE,"iPlant_TNRS",1,"(Kunth) O. Berg","http://www.tropicos.org/Name/22102059",1,"submit","Blepharocalyx salicifolius",TRUE,"Blepharocalyx salicifolius"
"12","Brosimum utile",30553,TRUE,"Brosimum utile",30553,TRUE,"iPlant_TNRS",1,"(Kunth) Oken","http://www.tropicos.org/Name/100300816",1,"submit","Brosimum utile",TRUE,"Brosimum utile"
"13","Bursera simaruba",227,TRUE,"Bursera simaruba",227,TRUE,"iPlant_TNRS",1,"(L.) Sarg.","http://www.tropicos.org/Name/4700231",1,"submit","Bursera simaruba",TRUE,"Bursera simaruba"
"14","Byrsonima crassifolia",35029,TRUE,"Byrsonima crassifolia",35029,TRUE,"iPlant_TNRS",1,"(L.) Kunth","http://www.tropicos.org/Name/19500795",1,"submit","Byrsonima crassifolia",TRUE,"Byrsonima crassifolia"
"15","Cabralea canjerana",1000001911,TRUE,"Cabralea canjerana",1000001911,TRUE,"iPlant_TNRS",1,"(Vell.) Mart.","http://www.tropicos.org/Name/20400624",1,"submit","Cabralea canjerana",TRUE,"Cabralea canjerana"
"16","Calycophyllum candidissimum",41267,TRUE,"Calycophyllum candidissimum",41267,TRUE,"iPlant_TNRS",1,"(Vahl) DC.","http://www.tropicos.org/Name/27903157",1,"submit","Calycophyllum candidissimum",TRUE,"Calycophyllum candidissimum"
"17","Carapa guianensis",46649,TRUE,"Carapa guianensis",46649,TRUE,"iPlant_TNRS",1,"Aubl.","http://www.tropicos.org/Name/20400362",1,"submit","Carapa guianensis",TRUE,"Carapa guianensis"
"18","Caryocar brasiliense",10238,TRUE,"Caryocar brasiliense",10238,TRUE,"iPlant_TNRS",1,"Cambess.","http://www.tropicos.org/Name/6200020",1,"submit","Caryocar brasiliense",TRUE,"Caryocar brasiliense"
"19","Casearia corymbosa",1000002246,TRUE,"Casearia corymbosa",1000002246,TRUE,"iPlant_TNRS",1,"Kunth","http://www.tropicos.org/Name/13200097",1,"submit","Casearia corymbosa",TRUE,"Casearia corymbosa"
"20","Casearia sylvestris",281,TRUE,"Casearia sylvestris",281,TRUE,"iPlant_TNRS",1,"Sw.","http://www.tropicos.org/Name/13200167",1,"submit","Casearia sylvestris",TRUE,"Casearia sylvestris"
"21","Cassipourea guianensis",10766,TRUE,"Cassipourea guianensis",10766,TRUE,"iPlant_TNRS",1,"Aubl.","http://www.tropicos.org/Name/27600003",1,"submit","Cassipourea guianensis",TRUE,"Cassipourea guianensis"
"22","Cecropia obtusifolia",15822,TRUE,"Cecropia obtusifolia",15822,TRUE,"iPlant_TNRS",1,"Bertol.","http://www.tropicos.org/Name/21300586",1,"submit","Cecropia obtusifolia",TRUE,"Cecropia obtusifolia"
"23","Cedrela fissilis",1000002385,TRUE,"Cedrela fissilis",1000002385,TRUE,"iPlant_TNRS",1,"Vell.","http://www.tropicos.org/Name/20400355",1,"submit","Cedrela fissilis",TRUE,"Cedrela fissilis"
"24","Ceiba speciosa",1000020865,TRUE,"Ceiba speciosa",1000020865,TRUE,"iPlant_TNRS",1,"(A. St.-Hil.) Ravenna","http://www.tropicos.org/Name/3900746",1,"submit","Ceiba speciosa",TRUE,"Ceiba speciosa"
"25","Chrysophyllum cainito",28944,TRUE,"Chrysophyllum cainito",28944,TRUE,"iPlant_TNRS",1,"L.","http://www.tropicos.org/Name/28700679",1,"submit","Chrysophyllum cainito",TRUE,"Chrysophyllum cainito"
"26","Chrysophyllum gonocarpum",1000002727,TRUE,"Chrysophyllum gonocarpum",1000002727,TRUE,"iPlant_TNRS",1,"(Mart. & Eichler ex Miq.) Engl.","http://www.tropicos.org/Name/28700706",1,"submit","Chrysophyllum gonocarpum",TRUE,"Chrysophyllum gonocarpum"
"27","Cinnamomum camphora",335,TRUE,"Cinnamomum camphora",335,TRUE,"iPlant_TNRS",1,"(L.) J. Presl","http://www.tropicos.org/Name/17805257",1,"submit","Cinnamomum camphora",TRUE,"Cinnamomum camphora"
"28","Clusia stenophylla",50136,TRUE,"Clusia stenophylla",50136,TRUE,"iPlant_TNRS",1,"Standl.","http://www.tropicos.org/Name/7800243",1,"submit","Clusia stenophylla",TRUE,"Clusia stenophylla"
"29","Cochlospermum vitifolium",39878,TRUE,"Cochlospermum vitifolium",39878,TRUE,"iPlant_TNRS",1,"(Willd.) Spreng.","http://www.tropicos.org/Name/8000014",1,"submit","Cochlospermum vitifolium",TRUE,"Cochlospermum vitifolium"
"30","Cordia alliodora",380,TRUE,"Cordia alliodora",380,TRUE,"iPlant_TNRS",1,"(Ruiz & Pav.) Oken","http://www.tropicos.org/Name/4001123",1,"submit","Cordia alliodora",TRUE,"Cordia alliodora"
"31","Cordia cymosa",1000003422,TRUE,"Cordia cymosa",1000003422,TRUE,"iPlant_TNRS",1,"(Donn. Sm.) Standl.","http://www.tropicos.org/Name/4001646",1,"submit","Cordia cymosa",TRUE,"Cordia cymosa"
"32","Cordia lasiocalyx",1000003442,TRUE,"Cordia lasiocalyx",1000003442,TRUE,"iPlant_TNRS",1,"Pittier","http://www.tropicos.org/Name/4000309",1,"submit","Cordia lasiocalyx",TRUE,"Cordia lasiocalyx"
"33","Cordia lucidula",1000003446,TRUE,"Cordia lucidula",1000003446,TRUE,"iPlant_TNRS",1,"I.M. Johnst.","http://www.tropicos.org/Name/4001221",1,"submit","Cordia lucidula",TRUE,"Cordia lucidula"
"34","Cordia nodosa",1000003459,TRUE,"Cordia nodosa",1000003459,TRUE,"iPlant_TNRS",1,"Lam.","http://www.tropicos.org/Name/4001143",1,"submit","Cordia nodosa",TRUE,"Cordia nodosa"
"35","Cordia panamensis",1000003460,TRUE,"Cordia panamensis",1000003460,TRUE,"iPlant_TNRS",1,"L. Riley","http://www.tropicos.org/Name/4001223",1,"submit","Cordia panamensis",TRUE,"Cordia panamensis"
"36","Cordia trichotoma",1000020866,TRUE,"Cordia trichotoma",1000020866,TRUE,"iPlant_TNRS",1,"(Vell.) Arráb. ex Steud.","http://www.tropicos.org/Name/4002034",1,"submit","Cordia trichotoma",TRUE,"Cordia trichotoma"
"37","Crescentia alata",5807,TRUE,"Crescentia alata",5807,TRUE,"iPlant_TNRS",1,"Kunth","http://www.tropicos.org/Name/3700258",1,"submit","Crescentia alata",TRUE,"Crescentia alata"
"38","Croton billbergianus",1000003773,TRUE,"Croton billbergianus",1000003773,TRUE,"iPlant_TNRS",1,"Müll. Arg.","http://www.tropicos.org/Name/12800819",1,"submit","Croton billbergianus",TRUE,"Croton billbergianus"
"39","Cupania guatemalensis",1000003887,TRUE,"Cupania guatemalensis",1000003887,TRUE,"iPlant_TNRS",1,"(Turcz.) Radlk.","http://www.tropicos.org/Name/28600609",1,"submit","Cupania guatemalensis",TRUE,"Cupania guatemalensis"
"40","Curatella americana",1000003910,TRUE,"Curatella americana",1000003910,TRUE,"iPlant_TNRS",1,"L.","http://www.tropicos.org/Name/10900124",1,"submit","Curatella americana",TRUE,"Curatella americana"
"41","Dendropanax latilobus",1000004162,TRUE,"Dendropanax latilobus",1000004162,TRUE,"iPlant_TNRS",1,"M.J. Cannon & Cannon","http://www.tropicos.org/Name/2200747",1,"submit","Dendropanax latilobus",TRUE,"Dendropanax latilobus"
"42","Drimys granadensis",1000004518,TRUE,"Drimys granadensis",1000004518,TRUE,"iPlant_TNRS",1,"L. f.","http://www.tropicos.org/Name/34200005",1,"submit","Drimys granadensis",TRUE,"Drimys granadensis"
"43","Enterolobium cyclocarpum",3762,TRUE,"Enterolobium cyclocarpum",3762,TRUE,"iPlant_TNRS",1,"(Jacq.) Griseb.","http://www.tropicos.org/Name/13030083",1,"submit","Enterolobium cyclocarpum",TRUE,"Enterolobium cyclocarpum"
"44","Erythrina costaricensis",1000004822,TRUE,"Erythrina costaricensis",1000004822,TRUE,"iPlant_TNRS",1,"Micheli","http://www.tropicos.org/Name/13009263",1,"submit","Erythrina costaricensis",TRUE,"Erythrina costaricensis"
"45","Erythroxylum suberosum",1000004882,TRUE,"Erythroxylum suberosum",1000004882,TRUE,"iPlant_TNRS",1,"A. St.-Hil.","http://www.tropicos.org/Name/12500266",1,"submit","Erythroxylum suberosum",TRUE,"Erythroxylum suberosum"
"46","Eugenia nesiotica",1000005068,TRUE,"Eugenia nesiotica",1000005068,TRUE,"iPlant_TNRS",1,"Standl.","http://www.tropicos.org/Name/22102097",1,"submit","Eugenia nesiotica",TRUE,"Eugenia nesiotica"
"47","Faramea occidentalis",31837,TRUE,"Faramea occidentalis",31837,TRUE,"iPlant_TNRS",1,"(L.) A. Rich.","http://www.tropicos.org/Name/27902704",1,"submit","Faramea occidentalis",TRUE,"Faramea occidentalis"
"48","Ficus citrifolia",33851,TRUE,"Ficus citrifolia",33851,TRUE,"iPlant_TNRS",1,"Mill.","http://www.tropicos.org/Name/21300460",1,"submit","Ficus citrifolia",TRUE,"Ficus citrifolia"
"49","Ficus insipida",1000005277,TRUE,"Ficus insipida",1000005277,TRUE,"iPlant_TNRS",1,"Willd.","http://www.tropicos.org/Name/21300606",1,"submit","Ficus insipida",TRUE,"Ficus insipida"
"50","Gliricidia sepium",605,TRUE,"Gliricidia sepium",605,TRUE,"iPlant_TNRS",1,"(Jacq.) Kunth ex Walp.","http://www.tropicos.org/Name/13048407",1,"submit","Gliricidia sepium",TRUE,"Gliricidia sepium"
"51","Guapira noxia",1000005697,TRUE,"Guapira noxia",1000005697,TRUE,"iPlant_TNRS",1,"(Netto) Lundell","http://www.tropicos.org/Name/22500694",1,"submit","Guapira noxia",TRUE,"Guapira noxia"
"52","Guarea guidonia",622,TRUE,"Guarea guidonia",622,TRUE,"iPlant_TNRS",1,"(L.) Sleumer","http://www.tropicos.org/Name/20400341",1,"submit","Guarea guidonia",TRUE,"Guarea guidonia"
"53","Guatteria dumetorum",1000005776,TRUE,"Guatteria dumetorum",1000005776,TRUE,"iPlant_TNRS",1,"R.E. Fr.","http://www.tropicos.org/Name/1600214",1,"submit","Guatteria dumetorum",TRUE,"Guatteria dumetorum"
"54","Guazuma ulmifolia",5630,TRUE,"Guazuma ulmifolia",5630,TRUE,"iPlant_TNRS",1,"Lam.","http://www.tropicos.org/Name/30400486",1,"submit","Guazuma ulmifolia",TRUE,"Guazuma ulmifolia"
"55","Gustavia superba",1000005920,TRUE,"Gustavia superba",1000005920,TRUE,"iPlant_TNRS",1,"(Kunth) O. Berg","http://www.tropicos.org/Name/17900010",1,"submit","Gustavia superba",TRUE,"Gustavia superba"
"56","Hedyosmum goudotianum",1000006069,TRUE,"Hedyosmum goudotianum",1000006069,TRUE,"iPlant_TNRS",1,"Solms","http://www.tropicos.org/Name/7300013",1,"submit","Hedyosmum goudotianum",TRUE,"Hedyosmum goudotianum"
"57","Hedyosmum mexicanum",1000006073,TRUE,"Hedyosmum mexicanum",1000006073,TRUE,"iPlant_TNRS",1,"C. Cordem.","http://www.tropicos.org/Name/7300015",1,"submit","Hedyosmum mexicanum",TRUE,"Hedyosmum mexicanum"
"58","Hevea brasiliensis",19340,TRUE,"Hevea brasiliensis",19340,TRUE,"iPlant_TNRS",1,"(Willd. ex A. Juss.) Müll. Arg.","http://www.tropicos.org/Name/12801400",1,"submit","Hevea brasiliensis",TRUE,"Hevea brasiliensis"
"59","Holocalyx balansae",1000020867,TRUE,"Holocalyx balansae",1000020867,TRUE,"iPlant_TNRS",1,"Micheli","http://www.tropicos.org/Name/13020477",1,"submit","Holocalyx balansae",TRUE,"Holocalyx balansae"
"60","Humiriastrum diguense",1000006376,TRUE,"Humiriastrum diguense",1000006376,TRUE,"iPlant_TNRS",1,"(Cuatrec.) Cuatrec.","http://www.tropicos.org/Name/15800034",1,"submit","Humiriastrum diguense",TRUE,"Humiriastrum diguense"
"61","Hymenaea courbaril",27020,TRUE,"Hymenaea courbaril",27020,TRUE,"iPlant_TNRS",1,"L.","http://www.tropicos.org/Name/13005950",1,"submit","Hymenaea courbaril",TRUE,"Hymenaea courbaril"
"62","Hymenaea martiana",1000020868,TRUE,"Hymenaea martiana",1000020868,TRUE,"iPlant_TNRS",1,"Hayne","http://www.tropicos.org/Name/13020516",1,"submit","Hymenaea martiana",TRUE,"Hymenaea martiana"
"63","Hymenaea stigonocarpa",1000020879,TRUE,"Hymenaea stigonocarpa",1000020879,TRUE,"iPlant_TNRS",1,"Mart. ex Hayne","http://www.tropicos.org/Name/13020524",1,"submit","Hymenaea stigonocarpa",TRUE,"Hymenaea stigonocarpa"
"64","Inga vera",704,TRUE,"Inga vera",704,TRUE,"iPlant_TNRS",1,"Willd.","http://www.tropicos.org/Name/13021418",1,"submit","Inga vera",TRUE,"Inga vera"
"65","Ipomoea wolcottiana",1000006740,TRUE,"Ipomoea wolcottiana",1000006740,TRUE,"iPlant_TNRS",1,"Rose","http://www.tropicos.org/Name/8502130",1,"submit","Ipomoea wolcottiana",TRUE,"Ipomoea wolcottiana"
"66","Kielmeyera coriacea",50498,TRUE,"Kielmeyera coriacea",50498,TRUE,"iPlant_TNRS",1,"Mart. & Zucc.","http://www.tropicos.org/Name/7801213",1,"submit","Kielmeyera coriacea",TRUE,"Kielmeyera coriacea"
"67","Kleinhovia hospita",44340,TRUE,"Kleinhovia hospita",44340,TRUE,"iPlant_TNRS",1,"L.","http://www.tropicos.org/Name/30401419",1,"submit","Kleinhovia hospita",TRUE,"Kleinhovia hospita"
"68","Lagerstroemia tomentosa",1000007008,TRUE,"Lagerstroemia tomentosa",1000007008,TRUE,"iPlant_TNRS",1,"C. Presl","http://www.tropicos.org/Name/19200388",1,"submit","Lagerstroemia tomentosa",TRUE,"Lagerstroemia tomentosa"
"69","Laguncularia racemosa",746,TRUE,"Laguncularia racemosa",746,TRUE,"iPlant_TNRS",1,"(L.) C.F. Gaertn.","http://www.tropicos.org/Name/8200077",1,"submit","Laguncularia racemosa",TRUE,"Laguncularia racemosa"
"70","Luehea seemannii",50567,TRUE,"Luehea seemannii",50567,TRUE,"iPlant_TNRS",1,"Triana & Planch.","http://www.tropicos.org/Name/32200236",1,"submit","Luehea seemannii",TRUE,"Luehea seemannii"
"71","Maclura tinctoria",39582,TRUE,"Maclura tinctoria",39582,TRUE,"iPlant_TNRS",1,"(L.) D. Don ex Steud.","http://www.tropicos.org/Name/21300516",1,"submit","Maclura tinctoria",TRUE,"Maclura tinctoria"
"72","Manilkara bidentata",43171,TRUE,"Manilkara bidentata",43171,TRUE,"iPlant_TNRS",1,"(A. DC.) A. Chev.","http://www.tropicos.org/Name/28700368",1,"submit","Manilkara bidentata",TRUE,"Manilkara bidentata"
"73","Manilkara chicle",1000007816,TRUE,"Manilkara chicle",1000007816,TRUE,"iPlant_TNRS",1,"(Pittier) Gilly","http://www.tropicos.org/Name/28700413",1,"submit","Manilkara chicle",TRUE,"Manilkara chicle"
"74","Marila laxiflora",1000007859,TRUE,"Marila laxiflora",1000007859,TRUE,"iPlant_TNRS",1,"Rusby","http://www.tropicos.org/Name/7800371",1,"submit","Marila laxiflora",TRUE,"Marila laxiflora"
"75","Miconia argentea",50624,TRUE,"Miconia argentea",50624,TRUE,"iPlant_TNRS",1,"(Sw.) DC.","http://www.tropicos.org/Name/20302666",1,"submit","Miconia argentea",TRUE,"Miconia argentea"
"76","Miconia cuspidata",1000008327,TRUE,"Miconia cuspidata",1000008327,TRUE,"iPlant_TNRS",1,"Mart. ex Naudin","http://www.tropicos.org/Name/20301030",1,"submit","Miconia cuspidata",TRUE,"Miconia cuspidata"
"77","Miconia minutiflora",1000008488,TRUE,"Miconia minutiflora",1000008488,TRUE,"iPlant_TNRS",1,"(Bonpl.) DC.","http://www.tropicos.org/Name/20300169",1,"submit","Miconia minutiflora",TRUE,"Miconia minutiflora"
"78","Morisonia americana",13503,TRUE,"Morisonia americana",13503,TRUE,"iPlant_TNRS",1,"L.","http://www.tropicos.org/Name/5900370",1,"submit","Morisonia americana",TRUE,"Morisonia americana"
"79","Myriocarpa longipes",50648,TRUE,"Myriocarpa longipes",50648,TRUE,"iPlant_TNRS",1,"Liebm.","http://www.tropicos.org/Name/33400494",1,"submit","Myriocarpa longipes",TRUE,"Myriocarpa longipes"
"80","Myrospermum frutescens",17254,TRUE,"Myrospermum frutescens",17254,TRUE,"iPlant_TNRS",1,"Jacq.","http://www.tropicos.org/Name/13036060",1,"submit","Myrospermum frutescens",TRUE,"Myrospermum frutescens"
"81","Myrsine guianensis",1000009201,TRUE,"Myrsine guianensis",1000009201,TRUE,"iPlant_TNRS",1,"(Aubl.) Kuntze","http://www.tropicos.org/Name/22000930",1,"submit","Myrsine guianensis",TRUE,"Myrsine guianensis"
"82","Ochroma pyramidale",25655,TRUE,"Ochroma pyramidale",25655,TRUE,"iPlant_TNRS",1,"(Cav. ex Lam.) Urb.","http://www.tropicos.org/Name/3900204",1,"submit","Ochroma pyramidale",TRUE,"Ochroma pyramidale"
"83","Ocotea diospyrifolia",1000020870,TRUE,"Ocotea diospyrifolia",1000020870,TRUE,"iPlant_TNRS",1,"(Meisn.) Mez","http://www.tropicos.org/Name/17803863",1,"submit","Ocotea diospyrifolia",TRUE,"Ocotea diospyrifolia"
"84","Ocotea insularis",1000009467,TRUE,"Ocotea insularis",1000009467,TRUE,"iPlant_TNRS",1,"(Meisn.) Mez","http://www.tropicos.org/Name/17800241",1,"submit","Ocotea insularis",TRUE,"Ocotea insularis"
"85","Ouratea lucens",1000009869,TRUE,"Ouratea lucens",1000009869,TRUE,"iPlant_TNRS",1,"(Kunth) Engl.","http://www.tropicos.org/Name/22800107",1,"submit","Ouratea lucens",TRUE,"Ouratea lucens"
"86","Parapiptadenia rigida",1000020871,TRUE,"Parapiptadenia rigida",1000020871,TRUE,"iPlant_TNRS",1,"(Benth.) Brenan","http://www.tropicos.org/Name/13011305",1,"submit","Parapiptadenia rigida",TRUE,"Parapiptadenia rigida"
"87","Piper reticulatum",24509,TRUE,"Piper reticulatum",24509,TRUE,"iPlant_TNRS",1,"L.","http://www.tropicos.org/Name/25001139",1,"submit","Piper reticulatum",TRUE,"Piper reticulatum"
"88","Piscidia carthagenensis",25287,TRUE,"Piscidia carthagenensis",25287,TRUE,"iPlant_TNRS",1,"Jacq.","http://www.tropicos.org/Name/13031807",1,"submit","Piscidia carthagenensis",TRUE,"Piscidia carthagenensis"
"89","Pithecellobium dulce",25660,TRUE,"Pithecellobium dulce",25660,TRUE,"iPlant_TNRS",1,"(Roxb.) Benth.","http://www.tropicos.org/Name/13012638",1,"submit","Pithecellobium dulce",TRUE,"Pithecellobium dulce"
"90","Poulsenia armata",50786,TRUE,"Poulsenia armata",50786,TRUE,"iPlant_TNRS",1,"(Miq.) Standl.","http://www.tropicos.org/Name/21300623",1,"submit","Poulsenia armata",TRUE,"Poulsenia armata"
"91","Pourouma bicolor",1000011418,TRUE,"Pourouma bicolor",1000011418,TRUE,"iPlant_TNRS",1,"Mart.","http://www.tropicos.org/Name/21301041",1,"submit","Pourouma bicolor",TRUE,"Pourouma bicolor"
"92","Prioria copaifera",50795,TRUE,"Prioria copaifera",50795,TRUE,"iPlant_TNRS",1,"Griseb.","http://www.tropicos.org/Name/13044814",1,"submit","Prioria copaifera",TRUE,"Prioria copaifera"
"93","Protium panamense",1000011665,TRUE,"Protium panamense",1000011665,TRUE,"iPlant_TNRS",1,"(Rose) I.M. Johnst.","http://www.tropicos.org/Name/4700236",1,"submit","Protium panamense",TRUE,"Protium panamense"
"94","Pseudobombax septenatum",50836,TRUE,"Pseudobombax septenatum",50836,TRUE,"iPlant_TNRS",1,"(Jacq.) Dugand","http://www.tropicos.org/Name/3900261",1,"submit","Pseudobombax septenatum",TRUE,"Pseudobombax septenatum"
"95","Psidium sartorianum",1000011797,TRUE,"Psidium sartorianum",1000011797,TRUE,"iPlant_TNRS",1,"(O. Berg) Nied.","http://www.tropicos.org/Name/22102112",1,"submit","Psidium sartorianum",TRUE,"Psidium sartorianum"
"96","Qualea grandiflora",50863,TRUE,"Qualea grandiflora",50863,TRUE,"iPlant_TNRS",1,"Mart.","http://www.tropicos.org/Name/34100133",1,"submit","Qualea grandiflora",TRUE,"Qualea grandiflora"
"97","Qualea parviflora",1000012111,TRUE,"Qualea parviflora",1000012111,TRUE,"iPlant_TNRS",1,"Mart.","http://www.tropicos.org/Name/34100163",1,"submit","Qualea parviflora",TRUE,"Qualea parviflora"
"98","Rhizophora mangle",1196,TRUE,"Rhizophora mangle",1196,TRUE,"iPlant_TNRS",1,"L.","http://www.tropicos.org/Name/27600058",1,"submit","Rhizophora mangle",TRUE,"Rhizophora mangle"
"99","Schefflera macrocarpa",1000020872,TRUE,"Schefflera macrocarpa",1000020872,TRUE,"iPlant_TNRS",1,"(Cham. & Schltdl.) Frodin","http://www.tropicos.org/Name/50254555",1,"submit","Schefflera macrocarpa",TRUE,"Schefflera macrocarpa"
"100","Schefflera morototoni",51206,TRUE,"Schefflera morototoni",51206,TRUE,"iPlant_TNRS",1,"(Aubl.) Maguire, Steyerm. & Frodin","http://www.tropicos.org/Name/2200796",1,"submit","Schefflera morototoni",TRUE,"Schefflera morototoni"
"101","Semialarium mexicanum",1000020873,TRUE,"Semialarium mexicanum",1000020873,TRUE,"iPlant_TNRS",1,"(Miers) Mennega","http://www.tropicos.org/Name/15600396",1,"submit","Semialarium mexicanum",TRUE,"Semialarium mexicanum"
"102","Senna dariensis",1000013190,TRUE,"Senna dariensis",1000013190,TRUE,"iPlant_TNRS",1,"(Britton & Rose) H.S. Irwin & Barneby","http://www.tropicos.org/Name/13041308",1,"submit","Senna dariensis",TRUE,"Senna dariensis"
"103","Simarouba amara",50962,TRUE,"Simarouba amara",50962,TRUE,"iPlant_TNRS",1,"Aubl.","http://www.tropicos.org/Name/29400090",1,"submit","Simarouba amara",TRUE,"Simarouba amara"
"104","Spondias purpurea",24450,TRUE,"Spondias purpurea",24450,TRUE,"iPlant_TNRS",1,"L.","http://www.tropicos.org/Name/1300271",1,"submit","Spondias purpurea",TRUE,"Spondias purpurea"
"105","Styrax ferrugineus",1000020874,TRUE,"Styrax ferrugineus",1000020874,TRUE,"iPlant_TNRS",1,"Nees & Mart.","http://www.tropicos.org/Name/30800015",1,"submit","Styrax ferrugineus",TRUE,"Styrax ferrugineus"
"106","Styrax pohlii",1000020875,TRUE,"Styrax pohlii",1000020875,TRUE,"iPlant_TNRS",1,"A. DC.","http://www.tropicos.org/Name/30800040",1,"submit","Styrax pohlii",TRUE,"Styrax pohlii"
"107","Swietenia macrophylla",1354,TRUE,"Swietenia macrophylla",1354,TRUE,"iPlant_TNRS",1,"King","http://www.tropicos.org/Name/20400346",1,"submit","Swietenia macrophylla",TRUE,"Swietenia macrophylla"
"108","Symplocos lanceolata",1000020876,TRUE,"Symplocos lanceolata",1000020876,TRUE,"iPlant_TNRS",1,"A. DC.","http://www.tropicos.org/Name/30900096",1,"submit","Symplocos lanceolata",TRUE,"Symplocos lanceolata"
"109","Syzygium cumini",36558,TRUE,"Syzygium cumini",36558,TRUE,"iPlant_TNRS",1,"(L.) Skeels","http://www.tropicos.org/Name/22102113",1,"submit","Syzygium cumini",TRUE,"Syzygium cumini"
"110","Tabebuia rosea",2834,TRUE,"Tabebuia rosea",2834,TRUE,"iPlant_TNRS",1,"(Bertol.) DC.","http://www.tropicos.org/Name/3700648",1,"submit","Tabebuia rosea",TRUE,"Tabebuia rosea"
"111","Tachigali versicolor",50999,TRUE,"Tachigali versicolor",50999,TRUE,"iPlant_TNRS",1,"Standl. & L.O. Williams","http://www.tropicos.org/Name/13001906",1,"submit","Tachigali versicolor",TRUE,"Tachigali versicolor"
"112","Tapirira guianensis",1000014356,TRUE,"Tapirira guianensis",1000014356,TRUE,"iPlant_TNRS",1,"Aubl.","http://www.tropicos.org/Name/1300281",1,"submit","Tapirira guianensis",TRUE,"Tapirira guianensis"
"113","Terminalia amazonia",1000014401,TRUE,"Terminalia amazonia",1000014401,TRUE,"iPlant_TNRS",1,"(J.F. Gmel.) Exell","http://www.tropicos.org/Name/8200207",1,"submit","Terminalia amazonia",TRUE,"Terminalia amazonia"
"114","Trattinnickia aspera",1000014798,TRUE,"Trattinnickia aspera",1000014798,TRUE,"iPlant_TNRS",1,"(Standl.) Swart","http://www.tropicos.org/Name/4700241",1,"submit","Trattinnickia aspera",TRUE,"Trattinnickia aspera"
"115","Virola sebifera",25996,TRUE,"Virola sebifera",25996,TRUE,"iPlant_TNRS",1,"Aubl.","http://www.tropicos.org/Name/21800101",1,"submit","Virola sebifera",TRUE,"Virola sebifera"
"116","Vismia billbergiana",1000015206,TRUE,"Vismia billbergiana",1000015206,TRUE,"iPlant_TNRS",1,"Beurl.","http://www.tropicos.org/Name/7800776",1,"submit","Vismia billbergiana",TRUE,"Vismia billbergiana"
"117","Vochysia ferruginea",1000015271,TRUE,"Vochysia ferruginea",1000015271,TRUE,"iPlant_TNRS",1,"Mart.","http://www.tropicos.org/Name/34100141",1,"submit","Vochysia ferruginea",TRUE,"Vochysia ferruginea"
"118","Vochysia thyrsoidea",1000020878,TRUE,"Vochysia thyrsoidea",1000020878,TRUE,"iPlant_TNRS",1,"Pohl","http://www.tropicos.org/Name/50184812",1,"submit","Vochysia thyrsoidea",TRUE,"Vochysia thyrsoidea"
"119","Xylopia macrantha",1000015453,TRUE,"Xylopia macrantha",1000015453,TRUE,"iPlant_TNRS",1,"Triana & Planch.","http://www.tropicos.org/Name/1600511",1,"submit","Xylopia macrantha",TRUE,"Xylopia macrantha"
"120","Zanthoxylum panamense",51088,TRUE,"Zanthoxylum panamense",51088,TRUE,"iPlant_TNRS",1,"P. Wilson","http://www.tropicos.org/Name/28100631",1,"submit","Zanthoxylum panamense",TRUE,"Zanthoxylum panamense"
"121","Zuelania guidonia",51093,TRUE,"Zuelania guidonia",51093,TRUE,"iPlant_TNRS",1,"(Sw.) Britton & Millsp.","http://www.tropicos.org/Name/13200529",1,"submit","Zuelania guidonia",TRUE,"Zuelania guidonia"
"122","Aspidosperma tomentosum",49981,FALSE,"Aspidosperma tomentosum",49981,FALSE,"iPlant_TNRS",1,"Mart.","http://www.tropicos.org/Name/1802208",2,"submit","Aspidosperma tomentosum",TRUE,"Aspidosperma tomentosum"
"123","Baccaurea ramiflora",14893,FALSE,"Baccaurea ramiflora",14893,FALSE,"iPlant_TNRS",1,"Lour.","http://www.tropicos.org/Name/50056948",2,"submit","Baccaurea ramiflora",TRUE,"Baccaurea ramiflora"
"124","Barringtonia racemosa",18401,FALSE,"Barringtonia racemosa",18401,FALSE,"iPlant_TNRS",1,"(L.) Spreng.","http://www.tropicos.org/Name/17900318",2,"submit","Barringtonia racemosa",TRUE,"Barringtonia racemosa"
"125","Bischofia javanica",22718,FALSE,"Bischofia javanica",22718,FALSE,"iPlant_TNRS",1,"Blume","http://www.tropicos.org/Name/12801991",2,"submit","Bischofia javanica",TRUE,"Bischofia javanica"
"126","Canella winterana",45817,FALSE,"Canella winterana",45817,FALSE,"iPlant_TNRS",1,"(L.) Gaertn.","http://www.tropicos.org/Name/5600007",2,"submit","Canella winterana",TRUE,"Canella winterana"
"127","Gnetum gnemon",48766,FALSE,"Gnetum gnemon",48766,FALSE,"iPlant_TNRS",1,"L.","http://www.tropicos.org/Name/14300128",2,"submit","Gnetum gnemon",TRUE,"Gnetum gnemon"
"128","Gossia bidwillii",1000020889,FALSE,"Gossia bidwillii",1000020889,FALSE,"iPlant_TNRS",1,"(Benth.) N. Snow & Guymer","http://www.tropicos.org/Name/50238673",2,"submit","Gossia bidwillii",TRUE,"Gossia bidwillii"
"129","Guapira",5467,FALSE,"Guapira",5467,FALSE,"iPlant_TNRS",1,"Aubl.","http://www.tropicos.org/Name/40017912",2,"submit","Guapira",TRUE,"Guapira"
"130","Hibiscus",19743,FALSE,"Hibiscus",19743,FALSE,"iPlant_TNRS",1,"L.","http://www.tropicos.org/Name/40025797",2,"submit","Hibiscus",TRUE,"Hibiscus"
"131","Horsfieldia",24048,FALSE,"Horsfieldia",24048,FALSE,"iPlant_TNRS",1,"Willd.","http://www.tropicos.org/Name/40027709",2,"submit","Horsfieldia",TRUE,"Horsfieldia"
"132","Illicium floridanum",32425,FALSE,"Illicium floridanum",32425,FALSE,"iPlant_TNRS",1,"J. Ellis","http://www.tropicos.org/Name/19300028",2,"submit","Illicium floridanum",TRUE,"Illicium floridanum"
"133","Miconia",5736,FALSE,"Miconia",5736,FALSE,"iPlant_TNRS",1,"Ruiz & Pav.","http://www.tropicos.org/Name/40018467",2,"submit","Miconia",TRUE,"Miconia"
"134","Nephelium lappaceum",21315,FALSE,"Nephelium lappaceum",21315,FALSE,"iPlant_TNRS",1,"L.","http://www.tropicos.org/Name/50009191",2,"submit","Nephelium lappaceum",TRUE,"Nephelium lappaceum"
"135","Ouratea hexasperma",50687,FALSE,"Ouratea hexasperma",50687,FALSE,"iPlant_TNRS",1,"(A. St.-Hil.) Baill.","http://www.tropicos.org/Name/50044290",2,"submit","Ouratea hexasperma",TRUE,"Ouratea hexasperma"
"136","Podocarpus latifolius",1050,FALSE,"Podocarpus latifolius",1050,FALSE,"iPlant_TNRS",1,"(Thunb.) R. Br. ex Mirb.","http://www.tropicos.org/Name/25600041",2,"submit","Podocarpus latifolius",TRUE,"Podocarpus latifolius"
"137","Podocarpus neriifolius",33546,FALSE,"Podocarpus neriifolius",33546,FALSE,"iPlant_TNRS",1,"D. Don","http://www.tropicos.org/Name/25600056",2,"submit","Podocarpus neriifolius",TRUE,"Podocarpus neriifolius"
"138","Trema orientalis",3418,FALSE,"Trema orientalis",3418,FALSE,"iPlant_TNRS",1,"(L.) Blume","http://www.tropicos.org/Name/33300010",2,"submit","Trema orientalis",TRUE,"Trema orientalis"
"139","Simarouba glauca",13388,TRUE,"Simarouba amara",50962,TRUE,"iPlant_TNRS",1,"Aubl.","http://www.tropicos.org/Name/29400090",3,"submit","Simarouba glauca",TRUE,"Simarouba glauca"
"140","Coursetia arborea",50163,FALSE,"Coursetia ferruginea",1000003609,TRUE,"iPlant_TNRS",1,"(Kunth) Lavin","http://www.tropicos.org/Name/13069025",5,"submit","Coursetia arborea",TRUE,"Coursetia arborea"
"141","Capparis aristiguetae",50069,FALSE,"Capparis",46151,FALSE,"iPlant_TNRS",0.5,"L.","http://www.tropicos.org/Name/40000978",6,"submit","Capparis aristiguetae",TRUE,"Capparis aristiguetae"
"142","Homalium moultonii",1000020882,FALSE,"Homalium",22750,FALSE,"iPlant_TNRS",0.5,"Jacq.","http://www.tropicos.org/Name/40027071",6,"submit","Homalium moultonii",TRUE,"Homalium moultonii"
"143","Nectandra purpurascens",1000020884,FALSE,"Nectandra",19730,FALSE,"iPlant_TNRS",0.5,"Rol. ex Rottb.","http://www.tropicos.org/Name/40025736",6,"submit","Nectandra purpurascens",TRUE,"Nectandra purpurascens"
"144","Shorea faguetiana",1000020885,FALSE,"Shorea",8847,FALSE,"iPlant_TNRS",0.5,"Roxb. ex C.F. Gaertn.","http://www.tropicos.org/Name/40036194",6,"submit","Shorea faguetiana",TRUE,"Shorea faguetiana"
"145","Shorea mecistopteryx",1000020886,FALSE,"Shorea",8847,FALSE,"iPlant_TNRS",0.5,"Roxb. ex C.F. Gaertn.","http://www.tropicos.org/Name/40036194",6,"submit","Shorea mecistopteryx",TRUE,"Shorea mecistopteryx"
"146","Trichospermum pleiostigma",1000020887,FALSE,"Trichospermum",5170,FALSE,"iPlant_TNRS",0.5,"Blume","http://www.tropicos.org/Name/40017818",6,"submit","Trichospermum pleiostigma",TRUE,"Trichospermum pleiostigma"
"147","Acinodendron pohlianum",NA,FALSE,"Miconia leucocarpa",1000020880,TRUE,"iPlant_TNRS",1,"DC.","http://www.tropicos.org/Name/20301140",7,"accept","Miconia leucocarpa",TRUE,"Miconia leucocarpa"
"148","Antirrhea trichantha",NA,FALSE,"Pittoniotis trichantha",1000011255,TRUE,"iPlant_TNRS",0.98,"Griseb.","http://www.tropicos.org/Name/27903746",7,"accept","Pittoniotis trichantha",TRUE,"Pittoniotis trichantha"
"149","Aspidosperma cruenta",NA,FALSE,"Aspidosperma desmanthum",1000000969,TRUE,"iPlant_TNRS",0.94,"Benth. ex Müll. Arg.","http://www.tropicos.org/Name/1800106",7,"accept","Aspidosperma desmanthum",TRUE,"Aspidosperma desmanthum"
"150","Bauhinia variegate",NA,FALSE,"Bauhinia variegata",19251,TRUE,"iPlant_TNRS",0.98,"L.","http://www.tropicos.org/Name/13027460",7,"accept","Bauhinia variegata",TRUE,"Bauhinia variegata"
"151","Bursera simarouba",NA,FALSE,"Bursera simaruba",227,TRUE,"iPlant_TNRS",0.98,"(L.) Sarg.","http://www.tropicos.org/Name/4700231",7,"accept","Bursera simaruba",TRUE,"Bursera simaruba"
"152","Chrysophllum cainito",NA,FALSE,"Chrysophyllum cainito",28944,TRUE,"iPlant_TNRS",0.99,"L.","http://www.tropicos.org/Name/28700679",7,"accept","Chrysophyllum cainito",TRUE,"Chrysophyllum cainito"
"153","Hymenaea stignocarpa",NA,FALSE,"Hymenaea stigonocarpa",1000020879,TRUE,"iPlant_TNRS",0.99,"Mart. ex Hayne","http://www.tropicos.org/Name/13020524",7,"accept","Hymenaea stigonocarpa",TRUE,"Hymenaea stigonocarpa"
"154","Hymenea courbaril",NA,FALSE,"Hymenaea courbaril",27020,TRUE,"iPlant_TNRS",0.98,"L.","http://www.tropicos.org/Name/13005950",7,"accept","Hymenaea courbaril",TRUE,"Hymenaea courbaril"
"155","Miconia pohliana",NA,FALSE,"Miconia leucocarpa",1000020880,TRUE,"iPlant_TNRS",1,"DC.","http://www.tropicos.org/Name/20301140",7,"accept","Miconia leucocarpa",TRUE,"Miconia leucocarpa"
"156","Myrsine ferruginea",NA,FALSE,"Myrsine coriacea subsp. coriacea",1000020881,TRUE,"iPlant_TNRS",1,"","http://www.tropicos.org/Name/50096857",7,"accept","Myrsine coriacea subsp. coriacea",TRUE,"Myrsine coriacea subsp. coriacea"
"157","Austromyrtus bidwillii",NA,FALSE,"Gossia bidwillii",1000020889,FALSE,"iPlant_TNRS",1,"(Benth.) N. Snow & Guymer","http://www.tropicos.org/Name/50238673",8,"accept","Gossia bidwillii",TRUE,"Gossia bidwillii"
"158","Eugenia ampullaria",NA,FALSE,"Syzygium ampullarium",1000020892,FALSE,"iPlant_TNRS",1,"(Stapf) Merr. & L.M. Perry","http://www.tropicos.org/Name/100263734",8,"accept","Syzygium ampullarium",TRUE,"Syzygium ampullarium"
"159","Eugenia bankensis",NA,FALSE,"Syzygium bankense",1000020893,FALSE,"iPlant_TNRS",1,"(Hassk.) Merr. & L.M. Perry","http://www.tropicos.org/Name/100263780",8,"accept","Syzygium bankense",TRUE,"Syzygium bankense"
"160","Eugenia muelleri",NA,FALSE,"Syzygium muelleri",1000020894,FALSE,"iPlant_TNRS",1,"(Miq.) Miq.","http://www.tropicos.org/Name/100264357",8,"accept","Syzygium muelleri",TRUE,"Syzygium muelleri"
"161","Millettia cubitti",NA,FALSE,"Millettia cubittii",1000020897,FALSE,"iPlant_TNRS",0.98,"Dunn","http://www.tropicos.org/Name/13060114",8,"accept","Millettia cubittii",TRUE,"Millettia cubittii"
"162","Piptadenia constricta",NA,FALSE,"Piptadenia obliqua",1000020898,FALSE,"iPlant_TNRS",1,"(Pers.) J.F. Macbr.","http://www.tropicos.org/Name/13012488",8,"accept","Piptadenia obliqua",TRUE,"Piptadenia obliqua"
"163","Syzygium latilimbum",NA,FALSE,"Syzygium megacarpum",1000020899,FALSE,"iPlant_TNRS",1,"Rathakr. & N.C. Nair","http://www.tropicos.org/Name/50309219",8,"accept","Syzygium megacarpum",TRUE,"Syzygium megacarpum"
"164","Aegiphila lhotzkiana",49913,TRUE,"Aegiphila verticillata",NA,FALSE,"iPlant_TNRS",1,"Vell.","http://www.tropicos.org/Name/50214172",9,"submit","Aegiphila lhotzkiana",TRUE,"Aegiphila lhotzkiana"
"165","Aegiphila sellowiana",1000000238,TRUE,"Aegiphila verticillata",NA,FALSE,"iPlant_TNRS",1,"Vell.","http://www.tropicos.org/Name/50214172",9,"submit","Aegiphila sellowiana",TRUE,"Aegiphila sellowiana"
"166","Caesalpinia eriostachys",1000001917,TRUE,"Poincianella eriostachys",NA,FALSE,"iPlant_TNRS",1,"(Benth.) Britton & Rose","http://www.tropicos.org/Name/13015217",9,"submit","Caesalpinia eriostachys",TRUE,"Caesalpinia eriostachys"
"167","Capparis indica",46256,TRUE,"Quadrella indica",NA,FALSE,"iPlant_TNRS",1,"(L.) Iltis & Cornejo","http://www.tropicos.org/Name/50298080",9,"submit","Capparis indica",TRUE,"Capparis indica"
"168","Lonchocarpus muehlbergianus",1000020869,TRUE,"Dahlstedtia muehlbergiana",NA,FALSE,"iPlant_TNRS",1,"(Hassl.) M.J. Silva & A.M.G. Azevedo","http://www.tropicos.org/Name/100381684",9,"submit","Lonchocarpus muehlbergianus",TRUE,"Lonchocarpus muehlbergianus"
"169","Sclerolobium paniculatum",1000013036,TRUE,"Tachigali vulgaris",NA,FALSE,"iPlant_TNRS",1,"L.F. Gomes da Silva & H.C. Lima","http://www.tropicos.org/Name/50317942",9,"submit","Sclerolobium paniculatum",TRUE,"Sclerolobium paniculatum"
"170","Araucaria hunsteinii",1000020888,FALSE,"Titanodendron hunsteinii",NA,FALSE,"iPlant_TNRS",1,"(K. Schum.) A.V.Bobrov & Melikyan","http://www.tropicos.org/Name/100268937",10,"submit","Araucaria hunsteinii",TRUE,"Araucaria hunsteinii"
"171","Cochlospermum gillivraei",1000020890,FALSE,"Maximilianea gillivraei",NA,FALSE,"iPlant_TNRS",1,"(Benth.) Kuntze","http://www.tropicos.org/Name/100220654",10,"submit","Cochlospermum gillivraei",TRUE,"Cochlospermum gillivraei"
"172","Cordia inermis",1000020891,FALSE,"Varronia inermis",NA,FALSE,"iPlant_TNRS",1,"(Mill.) Borhidi","http://www.tropicos.org/Name/50287395",10,"submit","Cordia inermis",TRUE,"Cordia inermis"
"173","Drimys winteri",40294,FALSE,"Drimys granadensis var. mexicana",NA,FALSE,"iPlant_TNRS",1,"(DC.) A.C. Sm.","http://www.tropicos.org/Name/34200011",10,"submit","Drimys winteri",TRUE,"Drimys winteri"
"174","Harpullia cupanioides",1000020895,FALSE,"Harpullia ramiflora",NA,FALSE,"iPlant_TNRS",1,"Radlk.","http://www.tropicos.org/Name/100398304",10,"submit","Harpullia cupanioides",TRUE,"Harpullia cupanioides"
"175","Lonchocarpus dipteroneurus",49882,FALSE,"Lonchocarpus pubescens",NA,FALSE,"iPlant_TNRS",1,"(Willd.) DC.","http://www.tropicos.org/Name/13022005",10,"submit","Lonchocarpus dipteroneurus",TRUE,"Lonchocarpus dipteroneurus"
"176","Xerospermum laevigatum",1000020900,FALSE,"Xerospermum",NA,FALSE,"iPlant_TNRS",0.5,"Blume","http://www.tropicos.org/Name/40027368",10,"submit","Xerospermum laevigatum",TRUE,"Xerospermum laevigatum"
"177","Adansonia rubrostipa",NA,FALSE,"Adansonia rubrostipa",NA,FALSE,"iPlant_TNRS",1,"Jum. & H. Perrier","http://www.tropicos.org/Name/3900453",11,"submit","Adansonia rubrostipa",TRUE,"Adansonia rubrostipa"
"178","Adansonia za",NA,FALSE,"Adansonia za",NA,FALSE,"iPlant_TNRS",1,"Baill.","http://www.tropicos.org/Name/3900455",11,"submit","Adansonia za",TRUE,"Adansonia za"
"179","Alphitonia excelsa",NA,FALSE,"Alphitonia excelsa",NA,FALSE,"iPlant_TNRS",1,"(Fenzl) Reissek ex Benth.","http://www.tropicos.org/Name/100286031",11,"submit","Alphitonia excelsa",TRUE,"Alphitonia excelsa"
"180","Alphonsea monogyna",NA,FALSE,"Alphonsea monogyna",NA,FALSE,"iPlant_TNRS",1,"Merr. & Chun","http://www.tropicos.org/Name/1602752",11,"submit","Alphonsea monogyna",TRUE,"Alphonsea monogyna"
"181","Amphipterygium adstringens",NA,FALSE,"Amphipterygium adstringens",NA,FALSE,"iPlant_TNRS",1,"(Schltdl.) Standl.","http://www.tropicos.org/Name/16800004",11,"submit","Amphipterygium adstringens",TRUE,"Amphipterygium adstringens"
"182","Amyxa pluricornis",NA,FALSE,"Amyxa pluricornis",NA,FALSE,"iPlant_TNRS",1,"(Radlk.) Domke","http://www.tropicos.org/Name/50296273",11,"submit","Amyxa pluricornis",TRUE,"Amyxa pluricornis"
"183","Apoplanesia paniculata",NA,FALSE,"Apoplanesia paniculata",NA,FALSE,"iPlant_TNRS",1,"C. Presl","http://www.tropicos.org/Name/13047084",11,"submit","Apoplanesia paniculata",TRUE,"Apoplanesia paniculata"
"184","Bourreria cumanensis",NA,FALSE,"Bourreria cumanensis",NA,FALSE,"iPlant_TNRS",1,"(Loefl.) O.E. Schulz","http://www.tropicos.org/Name/4002683",11,"submit","Bourreria cumanensis",TRUE,"Bourreria cumanensis"
"185","Brachychiton australis",NA,FALSE,"Brachychiton australis",NA,FALSE,"iPlant_TNRS",1,"A. Terracc.","http://www.tropicos.org/Name/30401452",11,"submit","Brachychiton australis",TRUE,"Brachychiton australis"
"186","Bursera heteresthes",NA,FALSE,"Bursera heteresthes",NA,FALSE,"iPlant_TNRS",1,"Bullock","http://www.tropicos.org/Name/4700022",11,"submit","Bursera heteresthes",TRUE,"Bursera heteresthes"
"187","Bursera instabilis",NA,FALSE,"Bursera instabilis",NA,FALSE,"iPlant_TNRS",1,"McVaugh & Rzed.","http://www.tropicos.org/Name/4700598",11,"submit","Bursera instabilis",TRUE,"Bursera instabilis"
"188","Caesalpinia sclerocarpa",NA,FALSE,"Caesalpinia sclerocarpa",NA,FALSE,"iPlant_TNRS",1,"Standl.","http://www.tropicos.org/Name/13003316",11,"submit","Caesalpinia sclerocarpa",TRUE,"Caesalpinia sclerocarpa"
"189","Celtis philippensis",NA,FALSE,"Celtis philippensis",NA,FALSE,"iPlant_TNRS",1,"Blanco","http://www.tropicos.org/Name/33300057",11,"submit","Celtis philippensis",TRUE,"Celtis philippensis"
"190","Celtis tetrandra",NA,FALSE,"Celtis tetrandra",NA,FALSE,"iPlant_TNRS",1,"Roxb.","http://www.tropicos.org/Name/33300179",11,"submit","Celtis tetrandra",TRUE,"Celtis tetrandra"
"191","Cipadessa baccifera",NA,FALSE,"Cipadessa baccifera",NA,FALSE,"iPlant_TNRS",1,"(Roth) Miq.","http://www.tropicos.org/Name/20400001",11,"submit","Cipadessa baccifera",TRUE,"Cipadessa baccifera"
"192","Cleistanthus sumatranus",NA,FALSE,"Cleistanthus sumatranus",NA,FALSE,"iPlant_TNRS",1,"(Miq.) Müll. Arg.","http://www.tropicos.org/Name/50056473",11,"submit","Cleistanthus sumatranus",TRUE,"Cleistanthus sumatranus"
"193","Cnidoscolus spinosus",NA,FALSE,"Cnidoscolus spinosus",NA,FALSE,"iPlant_TNRS",1,"Lundell","http://www.tropicos.org/Name/12805203",11,"submit","Cnidoscolus spinosus",TRUE,"Cnidoscolus spinosus"
"194","Cordia elaeagnoides",NA,FALSE,"Cordia elaeagnoides",NA,FALSE,"iPlant_TNRS",1,"DC.","http://www.tropicos.org/Name/4002674",11,"submit","Cordia elaeagnoides",TRUE,"Cordia elaeagnoides"
"195","Corymbia erythrophloia",NA,FALSE,"Corymbia erythrophloia",NA,FALSE,"iPlant_TNRS",1,"(Blakely) K.D. Hill & L.A.S. Johnson","http://www.tropicos.org/Name/100172611",11,"submit","Corymbia erythrophloia",TRUE,"Corymbia erythrophloia"
"196","Cosmibuena valerioi",NA,FALSE,"Cosmibuena valerioi",NA,FALSE,"iPlant_TNRS",1,"(Standl.) C.M. Taylor","http://www.tropicos.org/Name/27909344",11,"submit","Cosmibuena valerioi",TRUE,"Cosmibuena valerioi"
"197","Croton crassifolius",NA,FALSE,"Croton crassifolius",NA,FALSE,"iPlant_TNRS",1,"Geiseler","http://www.tropicos.org/Name/50064912",11,"submit","Croton crassifolius",TRUE,"Croton crassifolius"
"198","Diospyros hermaphroditica",NA,FALSE,"Diospyros hermaphroditica",NA,FALSE,"iPlant_TNRS",1,"(Zoll.) Bakh. ex Steenis","http://www.tropicos.org/Name/100324663",11,"submit","Diospyros hermaphroditica",TRUE,"Diospyros hermaphroditica"
"199","Drimys insipida",NA,FALSE,"Drimys insipida",NA,FALSE,"iPlant_TNRS",1,"(R. Br. ex DC.) Druce","http://www.tropicos.org/Name/50108868",11,"submit","Drimys insipida",TRUE,"Drimys insipida"
"200","Eriotheca pubescens",NA,FALSE,"Eriotheca pubescens",NA,FALSE,"iPlant_TNRS",1,"(Mart. & Zucc.) Schott & Endl.","http://www.tropicos.org/Name/3900479",11,"submit","Eriotheca pubescens",TRUE,"Eriotheca pubescens"
"201","Esenbeckia nesiotica",NA,FALSE,"Esenbeckia nesiotica",NA,FALSE,"iPlant_TNRS",1,"Standl.","http://www.tropicos.org/Name/28100108",11,"submit","Esenbeckia nesiotica",TRUE,"Esenbeckia nesiotica"
"202","Ficus concinna",NA,FALSE,"Ficus concinna",NA,FALSE,"iPlant_TNRS",1,"(Miq.) Miq.","http://www.tropicos.org/Name/50132046",11,"submit","Ficus concinna",TRUE,"Ficus concinna"
"203","Gnetum costatum",NA,FALSE,"Gnetum costatum",NA,FALSE,"iPlant_TNRS",1,"K. Sch.","http://www.tropicos.org/Name/14300144",11,"submit","Gnetum costatum",TRUE,"Gnetum costatum"
"204","Guapira areolata",NA,FALSE,"Guapira areolata",NA,FALSE,"iPlant_TNRS",1,"(Heimerl) Lundell","http://www.tropicos.org/Name/22500644",11,"submit","Guapira areolata",TRUE,"Guapira areolata"
"205","Heliocarpus pallidus",NA,FALSE,"Heliocarpus pallidus",NA,FALSE,"iPlant_TNRS",1,"Rose","http://www.tropicos.org/Name/32200607",11,"submit","Heliocarpus pallidus",TRUE,"Heliocarpus pallidus"
"206","Homalanthus novoguineensis",NA,FALSE,"Homalanthus novoguineensis",NA,FALSE,"iPlant_TNRS",1,"(Warb.) K. Schum.","http://www.tropicos.org/Name/50250189",11,"submit","Homalanthus novoguineensis",TRUE,"Homalanthus novoguineensis"
"207","Idiospermum australiense",NA,FALSE,"Idiospermum australiense",NA,FALSE,"iPlant_TNRS",1,"(Diels) S.T. Blake","http://www.tropicos.org/Name/100355716",11,"submit","Idiospermum australiense",TRUE,"Idiospermum australiense"
"208","Lasiococca comberi",NA,FALSE,"Lasiococca comberi",NA,FALSE,"iPlant_TNRS",1,"Haines","http://www.tropicos.org/Name/50049911",11,"submit","Lasiococca comberi",TRUE,"Lasiococca comberi"
"209","Macaranga denticulata",NA,FALSE,"Macaranga denticulata",NA,FALSE,"iPlant_TNRS",1,"(Blume) Müll. Arg.","http://www.tropicos.org/Name/12800072",11,"submit","Macaranga denticulata",TRUE,"Macaranga denticulata"
"210","Millettia leptobotrya",NA,FALSE,"Millettia leptobotrya",NA,FALSE,"iPlant_TNRS",1,"Dunn","http://www.tropicos.org/Name/13060147",11,"submit","Millettia leptobotrya",TRUE,"Millettia leptobotrya"
"211","Oreopanax nubigenus",NA,FALSE,"Oreopanax nubigenus",NA,FALSE,"iPlant_TNRS",1,"Standl.","http://www.tropicos.org/Name/2200778",11,"submit","Oreopanax nubigenus",TRUE,"Oreopanax nubigenus"
"212","Protium",NA,FALSE,"Protium",NA,FALSE,"iPlant_TNRS",1,"Burm. f.","http://www.tropicos.org/Name/40016610",11,"submit","Protium",TRUE,"Protium"
"213","Quercus oleoides",NA,FALSE,"Quercus oleoides",NA,FALSE,"iPlant_TNRS",1,"Schltdl. & Cham.","http://www.tropicos.org/Name/13100316",11,"submit","Quercus oleoides",TRUE,"Quercus oleoides"
"214","Rehdera trinervis",NA,FALSE,"Rehdera trinervis",NA,FALSE,"iPlant_TNRS",1,"(S.F. Blake) Moldenke","http://www.tropicos.org/Name/33702467",11,"submit","Rehdera trinervis",TRUE,"Rehdera trinervis"
"215","Ruprechtia fusca",NA,FALSE,"Ruprechtia fusca",NA,FALSE,"iPlant_TNRS",1,"Fernald","http://www.tropicos.org/Name/50148878",11,"submit","Ruprechtia fusca",TRUE,"Ruprechtia fusca"
"216","Schefflera pittieri",NA,FALSE,"Schefflera pittieri",NA,FALSE,"iPlant_TNRS",1,"Harms","http://www.tropicos.org/Name/2200765",11,"submit","Schefflera pittieri",TRUE,"Schefflera pittieri"
"217","Streblus asper",NA,FALSE,"Streblus asper",NA,FALSE,"iPlant_TNRS",1,"Lour.","http://www.tropicos.org/Name/50064863",11,"submit","Streblus asper",TRUE,"Streblus asper"
"218","Syzygium szemaoense",NA,FALSE,"Syzygium szemaoense",NA,FALSE,"iPlant_TNRS",1,"Merr. & L.M. Perry","http://www.tropicos.org/Name/22107541",11,"submit","Syzygium szemaoense",TRUE,"Syzygium szemaoense"
"219","Trichilia dregeana",NA,FALSE,"Trichilia dregeana",NA,FALSE,"iPlant_TNRS",1,"Sond.","http://www.tropicos.org/Name/20400492",11,"submit","Trichilia dregeana",TRUE,"Trichilia dregeana"
"220","Turpinia pomifera",NA,FALSE,"Turpinia pomifera",NA,FALSE,"iPlant_TNRS",1,"(Roxb.) DC.","http://www.tropicos.org/Name/50092419",11,"submit","Turpinia pomifera",TRUE,"Turpinia pomifera"
"221","Zygogynum pancheri",NA,FALSE,"Zygogynum pancheri",NA,FALSE,"iPlant_TNRS",1,"(Baill.) Vink","http://www.tropicos.org/Name/50197622",11,"submit","Zygogynum pancheri",TRUE,"Zygogynum pancheri"
"222","Michelia hypolampra",NA,FALSE,"Michelia gioi",NA,FALSE,"iPlant_TNRS",1,"(A. Chev.) Sima & Hong Yu","http://www.tropicos.org/Name/50333308",12,"accept","Michelia gioi",TRUE,"Magnolia hypolampra"
"223","Byrsonima crassa",1000020864,TRUE,"",NA,FALSE,"iPlant_TNRS",1,"","",13,"submit","Byrsonima crassa",TRUE,"Byrsonima crassa"
"224","Symplocos mosenii",1000020877,TRUE,"",NA,FALSE,"iPlant_TNRS",1,"","",13,"submit","Symplocos mosenii",TRUE,"Symplocos mosenii"
"225","Agathis borneensis",NA,FALSE,"",NA,FALSE,"iPlant_TNRS",1,"","",13,"submit","Agathis borneensis",TRUE,"Agathis borneensis"
"226","Aglaia glabrata",NA,FALSE,"",NA,FALSE,"iPlant_TNRS",1,"","",13,"submit","Aglaia glabrata",TRUE,"Aglaia glabrata"
"227","Canarium caudatum",NA,FALSE,"",NA,FALSE,"iPlant_TNRS",1,"","",13,"submit","Canarium caudatum",TRUE,"Canarium caudatum"
"228","Castanopsis indica ",NA,FALSE,"",NA,FALSE,NA,NA,NA,NA,13,"submit","Castanopsis indica ",TRUE,"Castanopsis indica"
"229","Cordia collococa",NA,FALSE,"",NA,FALSE,"iPlant_TNRS",1,"","",13,"submit","Cordia collococa",TRUE,"Cordia nodosa"
"230","Cotylelobium burckii",NA,FALSE,"",NA,FALSE,"iPlant_TNRS",1,"","",13,"submit","Cotylelobium burckii",TRUE,"Cotylelobium burckii"
"231","Diospyros brachiata",NA,FALSE,"",NA,FALSE,"iPlant_TNRS",1,"","",13,"submit","Diospyros brachiata",TRUE,"Diospyros dictyoneura"
"232","Diospyros mindanaensis",NA,FALSE,"",NA,FALSE,"iPlant_TNRS",1,"","",13,"submit","Diospyros mindanaensis",TRUE,"Diospyros mindanaensis"
"233","Dipterocarpus globosus",NA,FALSE,"",NA,FALSE,"iPlant_TNRS",1,"","",13,"submit","Dipterocarpus globosus",TRUE,"Dipterocarpus globosus"
"234","Dryobalanops aromatica",40969,FALSE,"",NA,FALSE,"iPlant_TNRS",1,"","",13,"submit","Dryobalanops aromatica",TRUE,"Dryobalanops aromatica"
"235","Dryobalanops sumatrensis",NA,FALSE,"",NA,FALSE,"iPlant_TNRS",1,"","",13,"submit","Dryobalanops sumatrensis",TRUE,"Dryobalanops sumatrensis"
"236","Dussia munda",NA,FALSE,"",NA,FALSE,"iPlant_TNRS",1,"","",13,"submit","Dussia munda",TRUE,"Dussia munda"
"237","Galbulimima baccata",NA,FALSE,"",NA,FALSE,"iPlant_TNRS",1,"","",13,"submit","Galbulimima baccata",TRUE,"Galbulimima belgraveana"
"238","Heritiera sumatrana",NA,FALSE,"",NA,FALSE,"iPlant_TNRS",1,"","",13,"submit","Heritiera sumatrana",TRUE,"Heritiera sumatrana"
"239","Isonandra lanceolata",NA,FALSE,"",NA,FALSE,"iPlant_TNRS",1,"","",13,"submit","Isonandra lanceolata",TRUE,"Isonandra lanceolata"
"240","Lophopetalum subobovatum",NA,FALSE,"",NA,FALSE,"iPlant_TNRS",0.5,"","",13,"submit","Lophopetalum subobovatum",TRUE,"Lophopetalum subobovatum"
"241","Mallotus wrayi",NA,FALSE,"",NA,FALSE,"iPlant_TNRS",1,"","",13,"submit","Mallotus wrayi",TRUE,"Mallotus wrayi"
"242","Payena endertii",NA,FALSE,"",NA,FALSE,"iPlant_TNRS",1,"","",13,"submit","Payena endertii",TRUE,"Payena endertii"
"243","Pentace adenophora",NA,FALSE,"",NA,FALSE,"iPlant_TNRS",0.5,"","",13,"submit","Pentace adenophora",TRUE,"Pentace adenophora"
"244","Pistacia weinmannifolia",NA,FALSE,"",NA,FALSE,"iPlant_TNRS",1,"","",13,"submit","Pistacia weinmannifolia",TRUE,"Pistacia weinmanniifolia"
"245","Santiria mollis",NA,FALSE,"",NA,FALSE,"iPlant_TNRS",0.5,"","",13,"submit","Santiria mollis",TRUE,"Santiria mollis"
"246","Shorea ovalis",NA,FALSE,"",NA,FALSE,"iPlant_TNRS",1,"","",13,"submit","Shorea ovalis",TRUE,"Shorea ovalis"
"247","Sindora leiocarpa",NA,FALSE,"",NA,FALSE,"iPlant_TNRS",1,"","",13,"submit","Sindora leiocarpa",TRUE,"Sindora leiocarpa"
"248","Stemonurus umbellatus",NA,FALSE,"",NA,FALSE,"iPlant_TNRS",0.5,"","",13,"submit","Stemonurus umbellatus",TRUE,"Stemonurus umbellatus"
"249","Tachigalia versicolor",NA,FALSE,"",NA,FALSE,"iPlant_TNRS",1,"","",13,"submit","Tachigalia versicolor",TRUE,"Tachigali versicolor"
"250","Trimenia neocaledonica",NA,FALSE,"",NA,FALSE,"iPlant_TNRS",1,"","",13,"submit","Trimenia neocaledonica",TRUE,"Trimenia neocaledonica"
"251","Zygogynum baillonii",NA,FALSE,"",NA,FALSE,"iPlant_TNRS",1,"","",13,"submit","Zygogynum baillonii",TRUE,"Zygogynum baillonii"
"252","Zygogynum bicolor",NA,FALSE,"",NA,FALSE,"iPlant_TNRS",1,"","",13,"submit","Zygogynum bicolor",TRUE,"Zygogynum bicolor"
"253","Zygogynum pomiferum",NA,FALSE,"",NA,FALSE,"iPlant_TNRS",1,"","",13,"submit","Zygogynum pomiferum",TRUE,"Zygogynum pomiferum"
"254","Zygogynum queenslandianum",NA,FALSE,"",NA,FALSE,"iPlant_TNRS",0.5,"","",13,"submit","Zygogynum queenslandianum",TRUE,"Zygogynum queenslandianum"
"255","Zygogynum semecarpoides",NA,FALSE,"",NA,FALSE,"iPlant_TNRS",0.5,"","",13,"submit","Zygogynum semecarpoides",TRUE,"Zygogynum semecarpoides"
