"","submit_name","submit_bety_id","submit_in_PFT","accept_name","accept_bety_id","accept_in_PFT","sourceid","score","authority","uri","case"
"1","aegiphila lhotzkiana",49913,TRUE,"Aegiphila verticillata",NA,FALSE,"iPlant_TNRS","1","Vell.","http://www.tropicos.org/Name/50214172",9
"2","aegiphila sellowiana",1000000238,TRUE,"Aegiphila verticillata",NA,FALSE,"iPlant_TNRS","1","Vell.","http://www.tropicos.org/Name/50214172",9
"3","albizia guachapele",1000020862,TRUE,"Albizia guachapele",1000020862,TRUE,"iPlant_TNRS","1","(Kunth) Dugand","http://www.tropicos.org/Name/13002026",1
"4","alseis blackiana",49937,TRUE,"Alseis blackiana",49937,TRUE,"iPlant_TNRS","1","Hemsl.","http://www.tropicos.org/Name/27903143",1
"5","anacardium excelsum",49943,TRUE,"Anacardium excelsum",49943,TRUE,"iPlant_TNRS","1","(Bertero & Balb. ex Kunth) Skeels","http://www.tropicos.org/Name/1300302",1
"6","annona glabra",30111,TRUE,"Annona glabra",30111,TRUE,"iPlant_TNRS","1","L.","http://www.tropicos.org/Name/1600683",1
"7","annona spraguei",49953,TRUE,"Annona spraguei",49953,TRUE,"iPlant_TNRS","1","Saff.","http://www.tropicos.org/Name/1600100",1
"8","ardisia palmana",1000000871,TRUE,"Ardisia palmana",1000000871,TRUE,"iPlant_TNRS","1","Donn. Sm.","http://www.tropicos.org/Name/22000607",1
"9","aspidosperma desmanthum",1000000969,TRUE,"Aspidosperma desmanthum",1000000969,TRUE,"iPlant_TNRS","1","Benth. ex Müll. Arg.","http://www.tropicos.org/Name/1800106",1
"10","astronium graveolens",49993,TRUE,"Astronium graveolens",49993,TRUE,"iPlant_TNRS","1","Jacq.","http://www.tropicos.org/Name/1300086",1
"11","balfourodendron riedelianum",1000020863,TRUE,"Balfourodendron riedelianum",1000020863,TRUE,"iPlant_TNRS","1","(Engl.) Engl.","http://www.tropicos.org/Name/28101311",1
"12","bauhinia purpurea",19215,TRUE,"Bauhinia purpurea",19215,TRUE,"iPlant_TNRS","1","L.","http://www.tropicos.org/Name/13047080",1
"13","blepharocalyx salicifolius",1000001544,TRUE,"Blepharocalyx salicifolius",1000001544,TRUE,"iPlant_TNRS","1","(Kunth) O. Berg","http://www.tropicos.org/Name/22102059",1
"14","brosimum utile",30553,TRUE,"Brosimum utile",30553,TRUE,"iPlant_TNRS","1","(Kunth) Oken","http://www.tropicos.org/Name/100300816",1
"15","bursera simaruba",227,TRUE,"Bursera simaruba",227,TRUE,"iPlant_TNRS","1","(L.) Sarg.","http://www.tropicos.org/Name/4700231",1
"16","byrsonima crassa",1000020864,TRUE,"",NA,FALSE,"iPlant_TNRS","1","","",13
"17","byrsonima crassifolia",35029,TRUE,"Byrsonima crassifolia",35029,TRUE,"iPlant_TNRS","1","(L.) Kunth","http://www.tropicos.org/Name/19500795",1
"18","cabralea canjerana",1000001911,TRUE,"Cabralea canjerana",1000001911,TRUE,"iPlant_TNRS","1","(Vell.) Mart.","http://www.tropicos.org/Name/20400624",1
"19","caesalpinia eriostachys",1000001917,TRUE,"Poincianella eriostachys",NA,FALSE,"iPlant_TNRS","1","(Benth.) Britton & Rose","http://www.tropicos.org/Name/13015217",9
"20","calycophyllum candidissimum",41267,TRUE,"Calycophyllum candidissimum",41267,TRUE,"iPlant_TNRS","1","(Vahl) DC.","http://www.tropicos.org/Name/27903157",1
"21","capparis indica",46256,TRUE,"Quadrella indica",NA,FALSE,"iPlant_TNRS","1","(L.) Iltis & Cornejo","http://www.tropicos.org/Name/50298080",9
"22","carapa guianensis",46649,TRUE,"Carapa guianensis",46649,TRUE,"iPlant_TNRS","1","Aubl.","http://www.tropicos.org/Name/20400362",1
"23","caryocar brasiliense",10238,TRUE,"Caryocar brasiliense",10238,TRUE,"iPlant_TNRS","1","Cambess.","http://www.tropicos.org/Name/6200020",1
"24","casearia corymbosa",1000002246,TRUE,"Casearia corymbosa",1000002246,TRUE,"iPlant_TNRS","1","Kunth","http://www.tropicos.org/Name/13200097",1
"25","casearia sylvestris",281,TRUE,"Casearia sylvestris",281,TRUE,"iPlant_TNRS","1","Sw.","http://www.tropicos.org/Name/13200167",1
"26","cassipourea guianensis",10766,TRUE,"Cassipourea guianensis",10766,TRUE,"iPlant_TNRS","1","Aubl.","http://www.tropicos.org/Name/27600003",1
"27","cecropia obtusifolia",15822,TRUE,"Cecropia obtusifolia",15822,TRUE,"iPlant_TNRS","1","Bertol.","http://www.tropicos.org/Name/21300586",1
"28","cedrela fissilis",1000002385,TRUE,"Cedrela fissilis",1000002385,TRUE,"iPlant_TNRS","1","Vell.","http://www.tropicos.org/Name/20400355",1
"29","ceiba speciosa",1000020865,TRUE,"Ceiba speciosa",1000020865,TRUE,"iPlant_TNRS","1","(A. St.-Hil.) Ravenna","http://www.tropicos.org/Name/3900746",1
"30","chrysophyllum cainito",28944,TRUE,"Chrysophyllum cainito",28944,TRUE,"iPlant_TNRS","1","L.","http://www.tropicos.org/Name/28700679",1
"31","chrysophyllum gonocarpum",1000002727,TRUE,"Chrysophyllum gonocarpum",1000002727,TRUE,"iPlant_TNRS","1","(Mart. & Eichler ex Miq.) Engl.","http://www.tropicos.org/Name/28700706",1
"32","cinnamomum camphora",335,TRUE,"Cinnamomum camphora",335,TRUE,"iPlant_TNRS","1","(L.) J. Presl","http://www.tropicos.org/Name/17805257",1
"33","clusia stenophylla",50136,TRUE,"Clusia stenophylla",50136,TRUE,"iPlant_TNRS","1","Standl.","http://www.tropicos.org/Name/7800243",1
"34","cochlospermum vitifolium",39878,TRUE,"Cochlospermum vitifolium",39878,TRUE,"iPlant_TNRS","1","(Willd.) Spreng.","http://www.tropicos.org/Name/8000014",1
"35","cordia alliodora",380,TRUE,"Cordia alliodora",380,TRUE,"iPlant_TNRS","1","(Ruiz & Pav.) Oken","http://www.tropicos.org/Name/4001123",1
"36","cordia cymosa",1000003422,TRUE,"Cordia cymosa",1000003422,TRUE,"iPlant_TNRS","1","(Donn. Sm.) Standl.","http://www.tropicos.org/Name/4001646",1
"37","cordia lasiocalyx",1000003442,TRUE,"Cordia lasiocalyx",1000003442,TRUE,"iPlant_TNRS","1","Pittier","http://www.tropicos.org/Name/4000309",1
"38","cordia lucidula",1000003446,TRUE,"Cordia lucidula",1000003446,TRUE,"iPlant_TNRS","1","I.M. Johnst.","http://www.tropicos.org/Name/4001221",1
"39","cordia nodosa",1000003459,TRUE,"Cordia nodosa",1000003459,TRUE,"iPlant_TNRS","1","Lam.","http://www.tropicos.org/Name/4001143",1
"40","cordia panamensis",1000003460,TRUE,"Cordia panamensis",1000003460,TRUE,"iPlant_TNRS","1","L. Riley","http://www.tropicos.org/Name/4001223",1
"41","cordia trichotoma",1000020866,TRUE,"Cordia trichotoma",1000020866,TRUE,"iPlant_TNRS","1","(Vell.) Arráb. ex Steud.","http://www.tropicos.org/Name/4002034",1
"42","crescentia alata",5807,TRUE,"Crescentia alata",5807,TRUE,"iPlant_TNRS","1","Kunth","http://www.tropicos.org/Name/3700258",1
"43","croton billbergianus",1000003773,TRUE,"Croton billbergianus",1000003773,TRUE,"iPlant_TNRS","1","Müll. Arg.","http://www.tropicos.org/Name/12800819",1
"44","cupania guatemalensis",1000003887,TRUE,"Cupania guatemalensis",1000003887,TRUE,"iPlant_TNRS","1","(Turcz.) Radlk.","http://www.tropicos.org/Name/28600609",1
"45","curatella americana",1000003910,TRUE,"Curatella americana",1000003910,TRUE,"iPlant_TNRS","1","L.","http://www.tropicos.org/Name/10900124",1
"46","dendropanax latilobus",1000004162,TRUE,"Dendropanax latilobus",1000004162,TRUE,"iPlant_TNRS","1","M.J. Cannon & Cannon","http://www.tropicos.org/Name/2200747",1
"47","drimys granadensis",1000004518,TRUE,"Drimys granadensis",1000004518,TRUE,"iPlant_TNRS","1","L. f.","http://www.tropicos.org/Name/34200005",1
"48","enterolobium cyclocarpum",3762,TRUE,"Enterolobium cyclocarpum",3762,TRUE,"iPlant_TNRS","1","(Jacq.) Griseb.","http://www.tropicos.org/Name/13030083",1
"49","erythrina costaricensis",1000004822,TRUE,"Erythrina costaricensis",1000004822,TRUE,"iPlant_TNRS","1","Micheli","http://www.tropicos.org/Name/13009263",1
"50","erythroxylum suberosum",1000004882,TRUE,"Erythroxylum suberosum",1000004882,TRUE,"iPlant_TNRS","1","A. St.-Hil.","http://www.tropicos.org/Name/12500266",1
"51","eugenia nesiotica",1000005068,TRUE,"Eugenia nesiotica",1000005068,TRUE,"iPlant_TNRS","1","Standl.","http://www.tropicos.org/Name/22102097",1
"52","faramea occidentalis",31837,TRUE,"Faramea occidentalis",31837,TRUE,"iPlant_TNRS","1","(L.) A. Rich.","http://www.tropicos.org/Name/27902704",1
"53","ficus citrifolia",33851,TRUE,"Ficus citrifolia",33851,TRUE,"iPlant_TNRS","1","Mill.","http://www.tropicos.org/Name/21300460",1
"54","ficus insipida",1000005277,TRUE,"Ficus insipida",1000005277,TRUE,"iPlant_TNRS","1","Willd.","http://www.tropicos.org/Name/21300606",1
"55","gliricidia sepium",605,TRUE,"Gliricidia sepium",605,TRUE,"iPlant_TNRS","1","(Jacq.) Kunth ex Walp.","http://www.tropicos.org/Name/13048407",1
"56","guapira noxia",1000005697,TRUE,"Guapira noxia",1000005697,TRUE,"iPlant_TNRS","1","(Netto) Lundell","http://www.tropicos.org/Name/22500694",1
"57","guarea guidonia",622,TRUE,"Guarea guidonia",622,TRUE,"iPlant_TNRS","1","(L.) Sleumer","http://www.tropicos.org/Name/20400341",1
"58","guatteria dumetorum",1000005776,TRUE,"Guatteria dumetorum",1000005776,TRUE,"iPlant_TNRS","1","R.E. Fr.","http://www.tropicos.org/Name/1600214",1
"59","guazuma ulmifolia",5630,TRUE,"Guazuma ulmifolia",5630,TRUE,"iPlant_TNRS","1","Lam.","http://www.tropicos.org/Name/30400486",1
"60","gustavia superba",1000005920,TRUE,"Gustavia superba",1000005920,TRUE,"iPlant_TNRS","1","(Kunth) O. Berg","http://www.tropicos.org/Name/17900010",1
"61","hedyosmum goudotianum",1000006069,TRUE,"Hedyosmum goudotianum",1000006069,TRUE,"iPlant_TNRS","1","Solms","http://www.tropicos.org/Name/7300013",1
"62","hedyosmum mexicanum",1000006073,TRUE,"Hedyosmum mexicanum",1000006073,TRUE,"iPlant_TNRS","1","C. Cordem.","http://www.tropicos.org/Name/7300015",1
"63","hevea brasiliensis",19340,TRUE,"Hevea brasiliensis",19340,TRUE,"iPlant_TNRS","1","(Willd. ex A. Juss.) Müll. Arg.","http://www.tropicos.org/Name/12801400",1
"64","holocalyx balansae",1000020867,TRUE,"Holocalyx balansae",1000020867,TRUE,"iPlant_TNRS","1","Micheli","http://www.tropicos.org/Name/13020477",1
"65","humiriastrum diguense",1000006376,TRUE,"Humiriastrum diguense",1000006376,TRUE,"iPlant_TNRS","1","(Cuatrec.) Cuatrec.","http://www.tropicos.org/Name/15800034",1
"66","hymenaea courbaril",27020,TRUE,"Hymenaea courbaril",27020,TRUE,"iPlant_TNRS","1","L.","http://www.tropicos.org/Name/13005950",1
"67","hymenaea martiana",1000020868,TRUE,"Hymenaea martiana",1000020868,TRUE,"iPlant_TNRS","1","Hayne","http://www.tropicos.org/Name/13020516",1
"68","hymenaea stigonocarpa",1000020879,TRUE,"Hymenaea stigonocarpa",1000020879,TRUE,"iPlant_TNRS","1","Mart. ex Hayne","http://www.tropicos.org/Name/13020524",1
"69","inga vera",704,TRUE,"Inga vera",704,TRUE,"iPlant_TNRS","1","Willd.","http://www.tropicos.org/Name/13021418",1
"70","ipomoea wolcottiana",1000006740,TRUE,"Ipomoea wolcottiana",1000006740,TRUE,"iPlant_TNRS","1","Rose","http://www.tropicos.org/Name/8502130",1
"71","kielmeyera coriacea",50498,TRUE,"Kielmeyera coriacea",50498,TRUE,"iPlant_TNRS","1","Mart. & Zucc.","http://www.tropicos.org/Name/7801213",1
"72","kleinhovia hospita",44340,TRUE,"Kleinhovia hospita",44340,TRUE,"iPlant_TNRS","1","L.","http://www.tropicos.org/Name/30401419",1
"73","lagerstroemia tomentosa",1000007008,TRUE,"Lagerstroemia tomentosa",1000007008,TRUE,"iPlant_TNRS","1","C. Presl","http://www.tropicos.org/Name/19200388",1
"74","laguncularia racemosa",746,TRUE,"Laguncularia racemosa",746,TRUE,"iPlant_TNRS","1","(L.) C.F. Gaertn.","http://www.tropicos.org/Name/8200077",1
"75","lonchocarpus muehlbergianus",1000020869,TRUE,"Dahlstedtia muehlbergiana",NA,FALSE,"iPlant_TNRS","1","(Hassl.) M.J. Silva & A.M.G. Azevedo","http://www.tropicos.org/Name/100381684",9
"76","luehea seemannii",50567,TRUE,"Luehea seemannii",50567,TRUE,"iPlant_TNRS","1","Triana & Planch.","http://www.tropicos.org/Name/32200236",1
"77","maclura tinctoria",39582,TRUE,"Maclura tinctoria",39582,TRUE,"iPlant_TNRS","1","(L.) D. Don ex Steud.","http://www.tropicos.org/Name/21300516",1
"78","manilkara bidentata",43171,TRUE,"Manilkara bidentata",43171,TRUE,"iPlant_TNRS","1","(A. DC.) A. Chev.","http://www.tropicos.org/Name/28700368",1
"79","manilkara chicle",1000007816,TRUE,"Manilkara chicle",1000007816,TRUE,"iPlant_TNRS","1","(Pittier) Gilly","http://www.tropicos.org/Name/28700413",1
"80","marila laxiflora",1000007859,TRUE,"Marila laxiflora",1000007859,TRUE,"iPlant_TNRS","1","Rusby","http://www.tropicos.org/Name/7800371",1
"81","miconia argentea",50624,TRUE,"Miconia argentea",50624,TRUE,"iPlant_TNRS","1","(Sw.) DC.","http://www.tropicos.org/Name/20302666",1
"82","miconia cuspidata",1000008327,TRUE,"Miconia cuspidata",1000008327,TRUE,"iPlant_TNRS","1","Mart. ex Naudin","http://www.tropicos.org/Name/20301030",1
"83","miconia minutiflora",1000008488,TRUE,"Miconia minutiflora",1000008488,TRUE,"iPlant_TNRS","1","(Bonpl.) DC.","http://www.tropicos.org/Name/20300169",1
"84","morisonia americana",13503,TRUE,"Morisonia americana",13503,TRUE,"iPlant_TNRS","1","L.","http://www.tropicos.org/Name/5900370",1
"85","myriocarpa longipes",50648,TRUE,"Myriocarpa longipes",50648,TRUE,"iPlant_TNRS","1","Liebm.","http://www.tropicos.org/Name/33400494",1
"86","myrospermum frutescens",17254,TRUE,"Myrospermum frutescens",17254,TRUE,"iPlant_TNRS","1","Jacq.","http://www.tropicos.org/Name/13036060",1
"87","myrsine guianensis",1000009201,TRUE,"Myrsine guianensis",1000009201,TRUE,"iPlant_TNRS","1","(Aubl.) Kuntze","http://www.tropicos.org/Name/22000930",1
"88","ochroma pyramidale",25655,TRUE,"Ochroma pyramidale",25655,TRUE,"iPlant_TNRS","1","(Cav. ex Lam.) Urb.","http://www.tropicos.org/Name/3900204",1
"89","ocotea diospyrifolia",1000020870,TRUE,"Ocotea diospyrifolia",1000020870,TRUE,"iPlant_TNRS","1","(Meisn.) Mez","http://www.tropicos.org/Name/17803863",1
"90","ocotea insularis",1000009467,TRUE,"Ocotea insularis",1000009467,TRUE,"iPlant_TNRS","1","(Meisn.) Mez","http://www.tropicos.org/Name/17800241",1
"91","ouratea lucens",1000009869,TRUE,"Ouratea lucens",1000009869,TRUE,"iPlant_TNRS","1","(Kunth) Engl.","http://www.tropicos.org/Name/22800107",1
"92","parapiptadenia rigida",1000020871,TRUE,"Parapiptadenia rigida",1000020871,TRUE,"iPlant_TNRS","1","(Benth.) Brenan","http://www.tropicos.org/Name/13011305",1
"93","piper reticulatum",24509,TRUE,"Piper reticulatum",24509,TRUE,"iPlant_TNRS","1","L.","http://www.tropicos.org/Name/25001139",1
"94","piscidia carthagenensis",25287,TRUE,"Piscidia carthagenensis",25287,TRUE,"iPlant_TNRS","1","Jacq.","http://www.tropicos.org/Name/13031807",1
"95","pithecellobium dulce",25660,TRUE,"Pithecellobium dulce",25660,TRUE,"iPlant_TNRS","1","(Roxb.) Benth.","http://www.tropicos.org/Name/13012638",1
"96","poulsenia armata",50786,TRUE,"Poulsenia armata",50786,TRUE,"iPlant_TNRS","1","(Miq.) Standl.","http://www.tropicos.org/Name/21300623",1
"97","pourouma bicolor",1000011418,TRUE,"Pourouma bicolor",1000011418,TRUE,"iPlant_TNRS","1","Mart.","http://www.tropicos.org/Name/21301041",1
"98","prioria copaifera",50795,TRUE,"Prioria copaifera",50795,TRUE,"iPlant_TNRS","1","Griseb.","http://www.tropicos.org/Name/13044814",1
"99","protium panamense",1000011665,TRUE,"Protium panamense",1000011665,TRUE,"iPlant_TNRS","1","(Rose) I.M. Johnst.","http://www.tropicos.org/Name/4700236",1
"100","pseudobombax septenatum",50836,TRUE,"Pseudobombax septenatum",50836,TRUE,"iPlant_TNRS","1","(Jacq.) Dugand","http://www.tropicos.org/Name/3900261",1
"101","psidium sartorianum",1000011797,TRUE,"Psidium sartorianum",1000011797,TRUE,"iPlant_TNRS","1","(O. Berg) Nied.","http://www.tropicos.org/Name/22102112",1
"102","qualea grandiflora",50863,TRUE,"Qualea grandiflora",50863,TRUE,"iPlant_TNRS","1","Mart.","http://www.tropicos.org/Name/34100133",1
"103","qualea parviflora",1000012111,TRUE,"Qualea parviflora",1000012111,TRUE,"iPlant_TNRS","1","Mart.","http://www.tropicos.org/Name/34100163",1
"104","rhizophora mangle",1196,TRUE,"Rhizophora mangle",1196,TRUE,"iPlant_TNRS","1","L.","http://www.tropicos.org/Name/27600058",1
"105","schefflera macrocarpa",1000020872,TRUE,"Schefflera macrocarpa",1000020872,TRUE,"iPlant_TNRS","1","(Cham. & Schltdl.) Frodin","http://www.tropicos.org/Name/50254555",1
"106","schefflera morototoni",51206,TRUE,"Schefflera morototoni",51206,TRUE,"iPlant_TNRS","1","(Aubl.) Maguire, Steyerm. & Frodin","http://www.tropicos.org/Name/2200796",1
"107","sclerolobium paniculatum",1000013036,TRUE,"Tachigali vulgaris",NA,FALSE,"iPlant_TNRS","1","L.F. Gomes da Silva & H.C. Lima","http://www.tropicos.org/Name/50317942",9
"108","semialarium mexicanum",1000020873,TRUE,"Semialarium mexicanum",1000020873,TRUE,"iPlant_TNRS","1","(Miers) Mennega","http://www.tropicos.org/Name/15600396",1
"109","senna dariensis",1000013190,TRUE,"Senna dariensis",1000013190,TRUE,"iPlant_TNRS","1","(Britton & Rose) H.S. Irwin & Barneby","http://www.tropicos.org/Name/13041308",1
"110","simarouba amara",50962,TRUE,"Simarouba amara",50962,TRUE,"iPlant_TNRS","1","Aubl.","http://www.tropicos.org/Name/29400090",1
"111","simarouba glauca",13388,TRUE,"Simarouba amara",50962,TRUE,"iPlant_TNRS","1","Aubl.","http://www.tropicos.org/Name/29400090",3
"112","spondias purpurea",24450,TRUE,"Spondias purpurea",24450,TRUE,"iPlant_TNRS","1","L.","http://www.tropicos.org/Name/1300271",1
"113","styrax ferrugineus",1000020874,TRUE,"Styrax ferrugineus",1000020874,TRUE,"iPlant_TNRS","1","Nees & Mart.","http://www.tropicos.org/Name/30800015",1
"114","styrax pohlii",1000020875,TRUE,"Styrax pohlii",1000020875,TRUE,"iPlant_TNRS","1","A. DC.","http://www.tropicos.org/Name/30800040",1
"115","swietenia macrophylla",1354,TRUE,"Swietenia macrophylla",1354,TRUE,"iPlant_TNRS","1","King","http://www.tropicos.org/Name/20400346",1
"116","symplocos lanceolata",1000020876,TRUE,"Symplocos lanceolata",1000020876,TRUE,"iPlant_TNRS","1","A. DC.","http://www.tropicos.org/Name/30900096",1
"117","symplocos mosenii",1000020877,TRUE,"",NA,FALSE,"iPlant_TNRS","1","","",13
"118","syzygium cumini",36558,TRUE,"Syzygium cumini",36558,TRUE,"iPlant_TNRS","1","(L.) Skeels","http://www.tropicos.org/Name/22102113",1
"119","tabebuia rosea",2834,TRUE,"Tabebuia rosea",2834,TRUE,"iPlant_TNRS","1","(Bertol.) DC.","http://www.tropicos.org/Name/3700648",1
"120","tachigali versicolor",50999,TRUE,"Tachigali versicolor",50999,TRUE,"iPlant_TNRS","1","Standl. & L.O. Williams","http://www.tropicos.org/Name/13001906",1
"121","tapirira guianensis",1000014356,TRUE,"Tapirira guianensis",1000014356,TRUE,"iPlant_TNRS","1","Aubl.","http://www.tropicos.org/Name/1300281",1
"122","terminalia amazonia",1000014401,TRUE,"Terminalia amazonia",1000014401,TRUE,"iPlant_TNRS","1","(J.F. Gmel.) Exell","http://www.tropicos.org/Name/8200207",1
"123","trattinnickia aspera",1000014798,TRUE,"Trattinnickia aspera",1000014798,TRUE,"iPlant_TNRS","1","(Standl.) Swart","http://www.tropicos.org/Name/4700241",1
"124","virola sebifera",25996,TRUE,"Virola sebifera",25996,TRUE,"iPlant_TNRS","1","Aubl.","http://www.tropicos.org/Name/21800101",1
"125","vismia billbergiana",1000015206,TRUE,"Vismia billbergiana",1000015206,TRUE,"iPlant_TNRS","1","Beurl.","http://www.tropicos.org/Name/7800776",1
"126","vochysia ferruginea",1000015271,TRUE,"Vochysia ferruginea",1000015271,TRUE,"iPlant_TNRS","1","Mart.","http://www.tropicos.org/Name/34100141",1
"127","vochysia thyrsoidea",1000020878,TRUE,"Vochysia thyrsoidea",1000020878,TRUE,"iPlant_TNRS","1","Pohl","http://www.tropicos.org/Name/50184812",1
"128","xylopia macrantha",1000015453,TRUE,"Xylopia macrantha",1000015453,TRUE,"iPlant_TNRS","1","Triana & Planch.","http://www.tropicos.org/Name/1600511",1
"129","zanthoxylum panamense",51088,TRUE,"Zanthoxylum panamense",51088,TRUE,"iPlant_TNRS","1","P. Wilson","http://www.tropicos.org/Name/28100631",1
"130","zuelania guidonia",51093,TRUE,"Zuelania guidonia",51093,TRUE,"iPlant_TNRS","1","(Sw.) Britton & Millsp.","http://www.tropicos.org/Name/13200529",1
"131","acinodendron pohlianum",NA,FALSE,"Miconia leucocarpa",1000020880,TRUE,"iPlant_TNRS","1","DC.","http://www.tropicos.org/Name/20301140",7
"132","adansonia rubrostipa",NA,FALSE,"Adansonia rubrostipa",NA,FALSE,"iPlant_TNRS","1","Jum. & H. Perrier","http://www.tropicos.org/Name/3900453",11
"133","adansonia za",NA,FALSE,"Adansonia za",NA,FALSE,"iPlant_TNRS","1","Baill.","http://www.tropicos.org/Name/3900455",11
"134","agathis borneensis",NA,FALSE,"",NA,FALSE,"iPlant_TNRS","1","","",13
"135","aglaia glabrata",NA,FALSE,"",NA,FALSE,"iPlant_TNRS","1","","",13
"136","alphitonia excelsa",NA,FALSE,"Alphitonia excelsa",NA,FALSE,"iPlant_TNRS","1","(Fenzl) Reissek ex Benth.","http://www.tropicos.org/Name/100286031",11
"137","alphonsea monogyna",NA,FALSE,"Alphonsea monogyna",NA,FALSE,"iPlant_TNRS","1","Merr. & Chun","http://www.tropicos.org/Name/1602752",11
"138","amphipterygium adstringens",NA,FALSE,"Amphipterygium adstringens",NA,FALSE,"iPlant_TNRS","1","(Schltdl.) Standl.","http://www.tropicos.org/Name/16800004",11
"139","amyxa pluricornis",NA,FALSE,"Amyxa pluricornis",NA,FALSE,"iPlant_TNRS","1","(Radlk.) Domke","http://www.tropicos.org/Name/50296273",11
"140","antirrhea trichantha",NA,FALSE,"Pittoniotis trichantha",1000011255,TRUE,"iPlant_TNRS","0.98","Griseb.","http://www.tropicos.org/Name/27903746",7
"141","apoplanesia paniculata",NA,FALSE,"Apoplanesia paniculata",NA,FALSE,"iPlant_TNRS","1","C. Presl","http://www.tropicos.org/Name/13047084",11
"142","araucaria hunsteinii",1000020888,FALSE,"Titanodendron hunsteinii",NA,FALSE,"iPlant_TNRS","1","(K. Schum.) A.V.Bobrov & Melikyan","http://www.tropicos.org/Name/100268937",10
"143","aspidosperma cruenta",NA,FALSE,"Aspidosperma desmanthum",1000000969,TRUE,"iPlant_TNRS","0.94","Benth. ex Müll. Arg.","http://www.tropicos.org/Name/1800106",7
"144","aspidosperma tomentosum",49981,FALSE,"Aspidosperma tomentosum",49981,FALSE,"iPlant_TNRS","1","Mart.","http://www.tropicos.org/Name/1802208",2
"145","austromyrtus bidwillii",NA,FALSE,"Gossia bidwillii",1000020889,FALSE,"iPlant_TNRS","1","(Benth.) N. Snow & Guymer","http://www.tropicos.org/Name/50238673",8
"146","baccaurea ramiflora",14893,FALSE,"Baccaurea ramiflora",14893,FALSE,"iPlant_TNRS","1","Lour.","http://www.tropicos.org/Name/50056948",2
"147","barringtonia racemosa",18401,FALSE,"Barringtonia racemosa",18401,FALSE,"iPlant_TNRS","1","(L.) Spreng.","http://www.tropicos.org/Name/17900318",2
"148","bauhinia variegate",NA,FALSE,"Bauhinia variegata",19251,TRUE,"iPlant_TNRS","0.98","L.","http://www.tropicos.org/Name/13027460",7
"149","bischofia javanica",22718,FALSE,"Bischofia javanica",22718,FALSE,"iPlant_TNRS","1","Blume","http://www.tropicos.org/Name/12801991",2
"150","bourreria cumanensis",NA,FALSE,"Bourreria cumanensis",NA,FALSE,"iPlant_TNRS","1","(Loefl.) O.E. Schulz","http://www.tropicos.org/Name/4002683",11
"151","brachychiton australis",NA,FALSE,"Brachychiton australis",NA,FALSE,"iPlant_TNRS","1","A. Terracc.","http://www.tropicos.org/Name/30401452",11
"152","bursera heteresthes",NA,FALSE,"Bursera heteresthes",NA,FALSE,"iPlant_TNRS","1","Bullock","http://www.tropicos.org/Name/4700022",11
"153","bursera instabilis",NA,FALSE,"Bursera instabilis",NA,FALSE,"iPlant_TNRS","1","McVaugh & Rzed.","http://www.tropicos.org/Name/4700598",11
"154","bursera simarouba",NA,FALSE,"Bursera simaruba",227,TRUE,"iPlant_TNRS","0.98","(L.) Sarg.","http://www.tropicos.org/Name/4700231",7
"155","caesalpinia sclerocarpa",NA,FALSE,"Caesalpinia sclerocarpa",NA,FALSE,"iPlant_TNRS","1","Standl.","http://www.tropicos.org/Name/13003316",11
"156","canarium caudatum",NA,FALSE,"",NA,FALSE,"iPlant_TNRS","1","","",13
"157","canella winterana",45817,FALSE,"Canella winterana",45817,FALSE,"iPlant_TNRS","1","(L.) Gaertn.","http://www.tropicos.org/Name/5600007",2
"158","capparis aristiguetae",50069,FALSE,"Capparis",46151,FALSE,"iPlant_TNRS","0.5","L.","http://www.tropicos.org/Name/40000978",6
"159","castanopsis indica ",NA,FALSE,"",NA,FALSE,NA,NA,NA,NA,13
"160","celtis philippensis",NA,FALSE,"Celtis philippensis",NA,FALSE,"iPlant_TNRS","1","Blanco","http://www.tropicos.org/Name/33300057",11
"161","celtis tetrandra",NA,FALSE,"Celtis tetrandra",NA,FALSE,"iPlant_TNRS","1","Roxb.","http://www.tropicos.org/Name/33300179",11
"162","chrysophllum cainito",NA,FALSE,"Chrysophyllum cainito",28944,TRUE,"iPlant_TNRS","0.99","L.","http://www.tropicos.org/Name/28700679",7
"163","cipadessa baccifera",NA,FALSE,"Cipadessa baccifera",NA,FALSE,"iPlant_TNRS","1","(Roth) Miq.","http://www.tropicos.org/Name/20400001",11
"164","cleistanthus sumatranus",NA,FALSE,"Cleistanthus sumatranus",NA,FALSE,"iPlant_TNRS","1","(Miq.) Müll. Arg.","http://www.tropicos.org/Name/50056473",11
"165","cnidoscolus spinosus",NA,FALSE,"Cnidoscolus spinosus",NA,FALSE,"iPlant_TNRS","1","Lundell","http://www.tropicos.org/Name/12805203",11
"166","cochlospermum gillivraei",1000020890,FALSE,"Maximilianea gillivraei",NA,FALSE,"iPlant_TNRS","1","(Benth.) Kuntze","http://www.tropicos.org/Name/100220654",10
"167","cordia collococa",NA,FALSE,"",NA,FALSE,"iPlant_TNRS","1","","",13
"168","cordia elaeagnoides",NA,FALSE,"Cordia elaeagnoides",NA,FALSE,"iPlant_TNRS","1","DC.","http://www.tropicos.org/Name/4002674",11
"169","cordia inermis",1000020891,FALSE,"Varronia inermis",NA,FALSE,"iPlant_TNRS","1","(Mill.) Borhidi","http://www.tropicos.org/Name/50287395",10
"170","corymbia erythrophloia",NA,FALSE,"Corymbia erythrophloia",NA,FALSE,"iPlant_TNRS","1","(Blakely) K.D. Hill & L.A.S. Johnson","http://www.tropicos.org/Name/100172611",11
"171","cosmibuena valerioi",NA,FALSE,"Cosmibuena valerioi",NA,FALSE,"iPlant_TNRS","1","(Standl.) C.M. Taylor","http://www.tropicos.org/Name/27909344",11
"172","cotylelobium burckii",NA,FALSE,"",NA,FALSE,"iPlant_TNRS","1","","",13
"173","coursetia arborea",50163,FALSE,"Coursetia ferruginea",1000003609,TRUE,"iPlant_TNRS","1","(Kunth) Lavin","http://www.tropicos.org/Name/13069025",5
"174","croton crassifolius",NA,FALSE,"Croton crassifolius",NA,FALSE,"iPlant_TNRS","1","Geiseler","http://www.tropicos.org/Name/50064912",11
"175","diospyros brachiata",NA,FALSE,"",NA,FALSE,"iPlant_TNRS","1","","",13
"176","diospyros hermaphroditica",NA,FALSE,"Diospyros hermaphroditica",NA,FALSE,"iPlant_TNRS","1","(Zoll.) Bakh. ex Steenis","http://www.tropicos.org/Name/100324663",11
"177","diospyros mindanaensis",NA,FALSE,"",NA,FALSE,"iPlant_TNRS","1","","",13
"178","dipterocarpus globosus",NA,FALSE,"",NA,FALSE,"iPlant_TNRS","1","","",13
"179","drimys insipida",NA,FALSE,"Drimys insipida",NA,FALSE,"iPlant_TNRS","1","(R. Br. ex DC.) Druce","http://www.tropicos.org/Name/50108868",11
"180","drimys winteri",40294,FALSE,"Drimys granadensis var. mexicana",NA,FALSE,"iPlant_TNRS","1","(DC.) A.C. Sm.","http://www.tropicos.org/Name/34200011",10
"181","dryobalanops aromatica",40969,FALSE,"",NA,FALSE,"iPlant_TNRS","1","","",13
"182","dryobalanops sumatrensis",NA,FALSE,"",NA,FALSE,"iPlant_TNRS","1","","",13
"183","dussia munda",NA,FALSE,"",NA,FALSE,"iPlant_TNRS","1","","",13
"184","eriotheca pubescens",NA,FALSE,"Eriotheca pubescens",NA,FALSE,"iPlant_TNRS","1","(Mart. & Zucc.) Schott & Endl.","http://www.tropicos.org/Name/3900479",11
"185","esenbeckia nesiotica",NA,FALSE,"Esenbeckia nesiotica",NA,FALSE,"iPlant_TNRS","1","Standl.","http://www.tropicos.org/Name/28100108",11
"186","eugenia ampullaria",NA,FALSE,"Syzygium ampullarium",1000020892,FALSE,"iPlant_TNRS","1","(Stapf) Merr. & L.M. Perry","http://www.tropicos.org/Name/100263734",8
"187","eugenia bankensis",NA,FALSE,"Syzygium bankense",1000020893,FALSE,"iPlant_TNRS","1","(Hassk.) Merr. & L.M. Perry","http://www.tropicos.org/Name/100263780",8
"188","eugenia muelleri",NA,FALSE,"Syzygium muelleri",1000020894,FALSE,"iPlant_TNRS","1","(Miq.) Miq.","http://www.tropicos.org/Name/100264357",8
"189","ficus concinna",NA,FALSE,"Ficus concinna",NA,FALSE,"iPlant_TNRS","1","(Miq.) Miq.","http://www.tropicos.org/Name/50132046",11
"190","galbulimima baccata",NA,FALSE,"",NA,FALSE,"iPlant_TNRS","1","","",13
"191","gnetum costatum",NA,FALSE,"Gnetum costatum",NA,FALSE,"iPlant_TNRS","1","K. Sch.","http://www.tropicos.org/Name/14300144",11
"192","gnetum gnemon",48766,FALSE,"Gnetum gnemon",48766,FALSE,"iPlant_TNRS","1","L.","http://www.tropicos.org/Name/14300128",2
"193","gossia bidwillii",1000020889,FALSE,"Gossia bidwillii",1000020889,FALSE,"iPlant_TNRS","1","(Benth.) N. Snow & Guymer","http://www.tropicos.org/Name/50238673",2
"194","guapira",5467,FALSE,"Guapira",5467,FALSE,"iPlant_TNRS","1","Aubl.","http://www.tropicos.org/Name/40017912",2
"195","guapira areolata",NA,FALSE,"Guapira areolata",NA,FALSE,"iPlant_TNRS","1","(Heimerl) Lundell","http://www.tropicos.org/Name/22500644",11
"196","harpullia cupanioides",1000020895,FALSE,"Harpullia ramiflora",NA,FALSE,"iPlant_TNRS","1","Radlk.","http://www.tropicos.org/Name/100398304",10
"197","heliocarpus pallidus",NA,FALSE,"Heliocarpus pallidus",NA,FALSE,"iPlant_TNRS","1","Rose","http://www.tropicos.org/Name/32200607",11
"198","heritiera sumatrana",NA,FALSE,"",NA,FALSE,"iPlant_TNRS","1","","",13
"199","hibiscus",19743,FALSE,"Hibiscus",19743,FALSE,"iPlant_TNRS","1","L.","http://www.tropicos.org/Name/40025797",2
"200","homalanthus novoguineensis",NA,FALSE,"Homalanthus novoguineensis",NA,FALSE,"iPlant_TNRS","1","(Warb.) K. Schum.","http://www.tropicos.org/Name/50250189",11
"201","homalium moultonii",1000020882,FALSE,"Homalium",22750,FALSE,"iPlant_TNRS","0.5","Jacq.","http://www.tropicos.org/Name/40027071",6
"202","horsfieldia",24048,FALSE,"Horsfieldia",24048,FALSE,"iPlant_TNRS","1","Willd.","http://www.tropicos.org/Name/40027709",2
"203","hymenaea stignocarpa",NA,FALSE,"Hymenaea stigonocarpa",1000020879,TRUE,"iPlant_TNRS","0.99","Mart. ex Hayne","http://www.tropicos.org/Name/13020524",7
"204","hymenea courbaril",NA,FALSE,"Hymenaea courbaril",27020,TRUE,"iPlant_TNRS","0.98","L.","http://www.tropicos.org/Name/13005950",7
"205","idiospermum australiense",NA,FALSE,"Idiospermum australiense",NA,FALSE,"iPlant_TNRS","1","(Diels) S.T. Blake","http://www.tropicos.org/Name/100355716",11
"206","illicium floridanum",32425,FALSE,"Illicium floridanum",32425,FALSE,"iPlant_TNRS","1","J. Ellis","http://www.tropicos.org/Name/19300028",2
"207","isonandra lanceolata",NA,FALSE,"",NA,FALSE,"iPlant_TNRS","1","","",13
"208","lasiococca comberi",NA,FALSE,"Lasiococca comberi",NA,FALSE,"iPlant_TNRS","1","Haines","http://www.tropicos.org/Name/50049911",11
"209","lonchocarpus dipteroneurus",49882,FALSE,"Lonchocarpus pubescens",NA,FALSE,"iPlant_TNRS","1","(Willd.) DC.","http://www.tropicos.org/Name/13022005",10
"210","lophopetalum subobovatum",NA,FALSE,"",NA,FALSE,"iPlant_TNRS","0.5","","",13
"211","macaranga denticulata",NA,FALSE,"Macaranga denticulata",NA,FALSE,"iPlant_TNRS","1","(Blume) Müll. Arg.","http://www.tropicos.org/Name/12800072",11
"212","mallotus wrayi",NA,FALSE,"",NA,FALSE,"iPlant_TNRS","1","","",13
"213","michelia hypolampra",NA,FALSE,"Michelia gioi",NA,FALSE,"iPlant_TNRS","1","(A. Chev.) Sima & Hong Yu","http://www.tropicos.org/Name/50333308",12
"214","miconia",5736,FALSE,"Miconia",5736,FALSE,"iPlant_TNRS","1","Ruiz & Pav.","http://www.tropicos.org/Name/40018467",2
"215","miconia pohliana",NA,FALSE,"Miconia leucocarpa",1000020880,TRUE,"iPlant_TNRS","1","DC.","http://www.tropicos.org/Name/20301140",7
"216","millettia cubitti",NA,FALSE,"Millettia cubittii",1000020897,FALSE,"iPlant_TNRS","0.98","Dunn","http://www.tropicos.org/Name/13060114",8
"217","millettia leptobotrya",NA,FALSE,"Millettia leptobotrya",NA,FALSE,"iPlant_TNRS","1","Dunn","http://www.tropicos.org/Name/13060147",11
"218","myrsine ferruginea",NA,FALSE,"Myrsine coriacea subsp. coriacea",1000020881,TRUE,"iPlant_TNRS","1","","http://www.tropicos.org/Name/50096857",7
"219","nectandra purpurascens",1000020884,FALSE,"Nectandra",19730,FALSE,"iPlant_TNRS","0.5","Rol. ex Rottb.","http://www.tropicos.org/Name/40025736",6
"220","nephelium lappaceum",21315,FALSE,"Nephelium lappaceum",21315,FALSE,"iPlant_TNRS","1","L.","http://www.tropicos.org/Name/50009191",2
"221","oreopanax nubigenus",NA,FALSE,"Oreopanax nubigenus",NA,FALSE,"iPlant_TNRS","1","Standl.","http://www.tropicos.org/Name/2200778",11
"222","ouratea hexasperma",50687,FALSE,"Ouratea hexasperma",50687,FALSE,"iPlant_TNRS","1","(A. St.-Hil.) Baill.","http://www.tropicos.org/Name/50044290",2
"223","payena endertii",NA,FALSE,"",NA,FALSE,"iPlant_TNRS","1","","",13
"224","pentace adenophora",NA,FALSE,"",NA,FALSE,"iPlant_TNRS","0.5","","",13
"225","piptadenia constricta",NA,FALSE,"Piptadenia obliqua",1000020898,FALSE,"iPlant_TNRS","1","(Pers.) J.F. Macbr.","http://www.tropicos.org/Name/13012488",8
"226","pistacia weinmannifolia",NA,FALSE,"",NA,FALSE,"iPlant_TNRS","1","","",13
"227","podocarpus latifolius",1050,FALSE,"Podocarpus latifolius",1050,FALSE,"iPlant_TNRS","1","(Thunb.) R. Br. ex Mirb.","http://www.tropicos.org/Name/25600041",2
"228","podocarpus neriifolius",33546,FALSE,"Podocarpus neriifolius",33546,FALSE,"iPlant_TNRS","1","D. Don","http://www.tropicos.org/Name/25600056",2
"229","protium",NA,FALSE,"Protium",NA,FALSE,"iPlant_TNRS","1","Burm. f.","http://www.tropicos.org/Name/40016610",11
"230","quercus oleoides",NA,FALSE,"Quercus oleoides",NA,FALSE,"iPlant_TNRS","1","Schltdl. & Cham.","http://www.tropicos.org/Name/13100316",11
"231","rehdera trinervis",NA,FALSE,"Rehdera trinervis",NA,FALSE,"iPlant_TNRS","1","(S.F. Blake) Moldenke","http://www.tropicos.org/Name/33702467",11
"232","ruprechtia fusca",NA,FALSE,"Ruprechtia fusca",NA,FALSE,"iPlant_TNRS","1","Fernald","http://www.tropicos.org/Name/50148878",11
"233","santiria mollis",NA,FALSE,"",NA,FALSE,"iPlant_TNRS","0.5","","",13
"234","schefflera pittieri",NA,FALSE,"Schefflera pittieri",NA,FALSE,"iPlant_TNRS","1","Harms","http://www.tropicos.org/Name/2200765",11
"235","shorea faguetiana",1000020885,FALSE,"Shorea",8847,FALSE,"iPlant_TNRS","0.5","Roxb. ex C.F. Gaertn.","http://www.tropicos.org/Name/40036194",6
"236","shorea mecistopteryx",1000020886,FALSE,"Shorea",8847,FALSE,"iPlant_TNRS","0.5","Roxb. ex C.F. Gaertn.","http://www.tropicos.org/Name/40036194",6
"237","shorea ovalis",NA,FALSE,"",NA,FALSE,"iPlant_TNRS","1","","",13
"238","sindora leiocarpa",NA,FALSE,"",NA,FALSE,"iPlant_TNRS","1","","",13
"239","stemonurus umbellatus",NA,FALSE,"",NA,FALSE,"iPlant_TNRS","0.5","","",13
"240","streblus asper",NA,FALSE,"Streblus asper",NA,FALSE,"iPlant_TNRS","1","Lour.","http://www.tropicos.org/Name/50064863",11
"241","syzygium latilimbum",NA,FALSE,"Syzygium megacarpum",1000020899,FALSE,"iPlant_TNRS","1","Rathakr. & N.C. Nair","http://www.tropicos.org/Name/50309219",8
"242","syzygium szemaoense",NA,FALSE,"Syzygium szemaoense",NA,FALSE,"iPlant_TNRS","1","Merr. & L.M. Perry","http://www.tropicos.org/Name/22107541",11
"243","tachigalia versicolor",NA,FALSE,"",NA,FALSE,"iPlant_TNRS","1","","",13
"244","trema orientalis",3418,FALSE,"Trema orientalis",3418,FALSE,"iPlant_TNRS","1","(L.) Blume","http://www.tropicos.org/Name/33300010",2
"245","trichilia dregeana",NA,FALSE,"Trichilia dregeana",NA,FALSE,"iPlant_TNRS","1","Sond.","http://www.tropicos.org/Name/20400492",11
"246","trichospermum pleiostigma",1000020887,FALSE,"Trichospermum",5170,FALSE,"iPlant_TNRS","0.5","Blume","http://www.tropicos.org/Name/40017818",6
"247","trimenia neocaledonica",NA,FALSE,"",NA,FALSE,"iPlant_TNRS","1","","",13
"248","turpinia pomifera",NA,FALSE,"Turpinia pomifera",NA,FALSE,"iPlant_TNRS","1","(Roxb.) DC.","http://www.tropicos.org/Name/50092419",11
"249","xerospermum laevigatum",1000020900,FALSE,"Xerospermum",NA,FALSE,"iPlant_TNRS","0.5","Blume","http://www.tropicos.org/Name/40027368",10
"250","zygogynum baillonii",NA,FALSE,"",NA,FALSE,"iPlant_TNRS","1","","",13
"251","zygogynum bicolor",NA,FALSE,"",NA,FALSE,"iPlant_TNRS","1","","",13
"252","zygogynum pancheri",NA,FALSE,"Zygogynum pancheri",NA,FALSE,"iPlant_TNRS","1","(Baill.) Vink","http://www.tropicos.org/Name/50197622",11
"253","zygogynum pomiferum",NA,FALSE,"",NA,FALSE,"iPlant_TNRS","1","","",13
"254","zygogynum queenslandianum",NA,FALSE,"",NA,FALSE,"iPlant_TNRS","0.5","","",13
"255","zygogynum semecarpoides",NA,FALSE,"",NA,FALSE,"iPlant_TNRS","0.5","","",13
